-- phpMyAdmin SQL Dump
-- version 2.11.6
-- http://www.phpmyadmin.net
--
-- Host: localhost
-- Generation Time: Jun 18, 2008 at 11:46 AM
-- Server version: 5.0.56
-- PHP Version: 5.2.6-pl0-gentoo

SET SQL_MODE="NO_AUTO_VALUE_ON_ZERO";

--
-- Database: `emlaklar`
--

-- --------------------------------------------------------

--
-- Table structure for table `adres_il`
--

CREATE TABLE IF NOT EXISTS `adres_il` (
  `no` int(4) unsigned NOT NULL auto_increment,
  `ulke` int(4) unsigned NOT NULL default '0',
  `il` varchar(32) collate utf8_turkish_ci NOT NULL default '',
  `sira` int(4) unsigned NOT NULL default '0',
  PRIMARY KEY  (`no`),
  KEY `ulke` (`ulke`)
) ENGINE=InnoDB  DEFAULT CHARSET=utf8 COLLATE=utf8_turkish_ci AUTO_INCREMENT=83 ;

--
-- Dumping data for table `adres_il`
--

INSERT INTO `adres_il` (`no`, `ulke`, `il`, `sira`) VALUES
(1, 208, 'Adana', 0),
(2, 208, 'Adıyaman', 0),
(3, 208, 'Afyon', 0),
(4, 208, 'Ağrı', 0),
(5, 208, 'Aksaray', 0),
(6, 208, 'Amasya', 0),
(7, 208, 'Ankara', 0),
(8, 208, 'Antalya', 0),
(9, 208, 'Ardahan', 0),
(10, 208, 'Artvin', 0),
(11, 208, 'Aydın', 0),
(12, 208, 'Balıkesir', 0),
(13, 208, 'Bartın', 0),
(14, 208, 'Batman', 0),
(15, 208, 'Bayburt', 0),
(16, 208, 'Bilecik', 0),
(17, 208, 'Bingöl', 0),
(18, 208, 'Bitlis', 0),
(19, 208, 'Bolu', 0),
(20, 208, 'Burdur', 0),
(21, 208, 'Bursa', 0),
(22, 208, 'Çanakkale', 0),
(23, 208, 'Çankırı', 0),
(24, 208, 'Çorum', 0),
(25, 208, 'Denizli', 0),
(26, 208, 'Diyarbakır', 0),
(27, 208, 'Düzce', 0),
(28, 208, 'Edirne', 0),
(29, 208, 'Elazığ', 0),
(30, 208, 'Erzincan', 0),
(31, 208, 'Erzurum', 0),
(32, 208, 'Eskişehir', 0),
(33, 208, 'Gaziantep', 0),
(34, 208, 'Giresun', 0),
(35, 208, 'Gümüşhane', 0),
(36, 208, 'Hakkari', 0),
(37, 208, 'Hatay', 0),
(38, 208, 'Iğdır', 0),
(39, 208, 'Isparta', 0),
(40, 208, 'İçel', 0),
(41, 208, 'İstanbul', 1),
(42, 208, 'İzmir', 0),
(43, 208, 'KahramanMaraş', 0),
(44, 208, 'Karabük', 0),
(45, 208, 'Karaman', 0),
(46, 208, 'Kars', 0),
(47, 208, 'Kastamonu', 0),
(48, 208, 'Kayseri', 0),
(49, 208, 'Kırıkkale', 0),
(50, 208, 'Kırklareli', 0),
(51, 208, 'Kırşehir', 0),
(52, 208, 'Kilis', 0),
(53, 208, 'Kocaeli', 0),
(54, 208, 'Konya', 0),
(55, 208, 'Kütahya', 0),
(56, 208, 'Magosa', 0),
(57, 208, 'Malatya', 0),
(58, 208, 'Manisa', 0),
(59, 208, 'Mardin', 0),
(60, 208, 'Muğla', 0),
(61, 208, 'Muş', 0),
(62, 208, 'Nevşehir', 0),
(63, 208, 'Niğde', 0),
(64, 208, 'Ordu', 0),
(65, 208, 'Osmaniye', 0),
(66, 208, 'Rize', 0),
(67, 208, 'Sakarya', 0),
(68, 208, 'Samsun', 0),
(69, 208, 'Siirt', 0),
(70, 208, 'Sinop', 0),
(71, 208, 'Sivas', 0),
(72, 208, 'Şanlıurfa', 0),
(73, 208, 'Şırnak', 0),
(74, 208, 'Tekirdağ', 0),
(75, 208, 'Tokat', 0),
(76, 208, 'Trabzon', 0),
(77, 208, 'Tunceli', 0),
(78, 208, 'Uşak', 0),
(79, 208, 'Van', 0),
(80, 208, 'Yalova', 0),
(81, 208, 'Yozgat', 0),
(82, 208, 'Zonguldak', 0);

-- --------------------------------------------------------

--
-- Table structure for table `adres_ilce`
--

CREATE TABLE IF NOT EXISTS `adres_ilce` (
  `no` int(4) unsigned NOT NULL auto_increment,
  `il` int(4) unsigned NOT NULL default '0',
  `ilce` varchar(32) collate utf8_turkish_ci NOT NULL default '',
  `sira` int(4) unsigned NOT NULL default '0',
  PRIMARY KEY  (`no`),
  KEY `il` (`il`)
) ENGINE=InnoDB  DEFAULT CHARSET=utf8 COLLATE=utf8_turkish_ci AUTO_INCREMENT=1009 ;

--
-- Dumping data for table `adres_ilce`
--

INSERT INTO `adres_ilce` (`no`, `il`, `ilce`, `sira`) VALUES
(1, 1, 'Aladağ', 0),
(2, 1, 'Baraj Yolu', 0),
(3, 1, 'Cemalpaşa', 0),
(4, 1, 'Ceyhan', 0),
(5, 1, 'Çarşı', 0),
(6, 1, 'Çukurova', 0),
(7, 1, 'Feke', 0),
(8, 1, 'İmamoğlu', 0),
(9, 1, 'Karaisalı', 0),
(10, 1, 'Karataş', 0),
(11, 1, 'Kozan', 0),
(12, 1, 'Merkez', 1),
(13, 1, 'Pozantı', 0),
(14, 1, 'Saimbeyli', 0),
(15, 1, 'Seyhan', 0),
(16, 1, 'Tufanbeyli', 0),
(17, 1, 'Yumurtalık', 0),
(18, 1, 'Yüreğir', 0),
(19, 2, 'Besni', 0),
(20, 2, 'Çelikhan', 0),
(21, 2, 'Gerger', 0),
(22, 2, 'Gölbaşı', 0),
(23, 2, 'Kahta', 0),
(24, 2, 'Samsat', 0),
(25, 2, 'Sincik', 0),
(26, 2, 'Tut', 0),
(27, 3, 'Başmakçı', 0),
(28, 3, 'Bayat', 0),
(29, 3, 'Bolvadin', 0),
(30, 3, 'Çay', 0),
(31, 3, 'Çobanlar', 0),
(32, 3, 'Dazkırı', 0),
(33, 3, 'Dinar', 0),
(34, 3, 'Emirdağ', 0),
(35, 3, 'Evciler', 0),
(36, 3, 'Hocalar', 0),
(37, 3, 'İhsaniye', 0),
(38, 3, 'İscehisar', 0),
(39, 3, 'Kızılören', 0),
(40, 3, 'Merkez', 1),
(41, 3, 'Sandıklı', 0),
(42, 3, 'Sinanpaşa', 0),
(43, 3, 'Sincanlı', 0),
(44, 3, 'Sultandağı', 0),
(45, 3, 'Şuhut', 0),
(46, 4, 'Diyadin', 0),
(47, 4, 'Doğubayazıt', 0),
(48, 4, 'Eleşkirt', 0),
(49, 4, 'Hamur', 0),
(50, 4, 'Merkez', 1),
(51, 4, 'Patnos', 0),
(52, 4, 'Taşlıçay', 0),
(53, 4, 'Tutak', 0),
(54, 5, 'Gülağaç', 0),
(55, 5, 'Güzelyurt', 0),
(56, 5, 'Merkez', 1),
(57, 5, 'Ortaköy', 0),
(58, 5, 'Sarıyahşi', 0),
(59, 6, 'Göynücek', 0),
(60, 6, 'Gümüşhacıköy', 0),
(61, 6, 'Hamamözü', 0),
(62, 6, 'Merkez', 1),
(63, 6, 'Merzifon', 0),
(64, 6, 'Suluova', 0),
(65, 6, 'Taşova', 0),
(66, 7, 'Akköprü', 0),
(67, 7, 'Akyurt', 0),
(68, 7, 'Altındağ', 0),
(69, 7, 'Ayaş', 0),
(70, 7, 'Bala', 0),
(71, 7, 'Beypazarı', 0),
(72, 7, 'Çamlıdere', 0),
(73, 7, 'Çankaya', 0),
(74, 7, 'Çubuk', 0),
(75, 7, 'Elmadağ', 0),
(76, 7, 'Etimesgut', 0),
(77, 7, 'Evren', 0),
(78, 7, 'Gaziemir', 0),
(79, 7, 'Gölbaşı', 0),
(80, 7, 'Güdül', 0),
(81, 7, 'Haymana', 0),
(82, 7, 'Kalecik', 0),
(83, 7, 'Kazan', 0),
(84, 7, 'Keçiören', 0),
(85, 7, 'Kızılcahamam', 0),
(86, 7, 'Mamak', 0),
(87, 7, 'Nallıhan', 0),
(88, 7, 'Polatlı', 0),
(89, 7, 'Sincan', 0),
(90, 7, 'Şereflikoçhisar', 0),
(91, 7, 'Yenimahalle', 0),
(92, 8, 'Akseki', 0),
(93, 8, 'Alanya', 0),
(94, 8, 'Batı Vilayet', 0),
(95, 8, 'Elmalı', 0),
(96, 8, 'Finike', 0),
(97, 8, 'Gazipaşa', 0),
(98, 8, 'Gebriz (Serik)', 0),
(99, 8, 'Gündoğmuş', 0),
(100, 8, 'İbradi', 0),
(101, 8, 'Kale', 0),
(102, 8, 'Kaş', 0),
(103, 8, 'Kemer', 0),
(104, 8, 'Korkuteli', 0),
(105, 8, 'Kumköy', 0),
(106, 8, 'Kumluca', 0),
(107, 8, 'Mahmutlar', 0),
(108, 8, 'Manavgat', 0),
(109, 8, 'Merkez', 1),
(110, 8, 'Serik', 0),
(111, 9, 'Çıldır', 0),
(112, 9, 'Damal', 0),
(113, 9, 'Göle', 0),
(114, 9, 'Hanak', 0),
(115, 9, 'Merkez', 1),
(116, 9, 'Posof', 0),
(117, 10, 'Ardanuç', 0),
(118, 10, 'Arhavi', 0),
(119, 10, 'Borçka', 0),
(120, 10, 'Hopa', 0),
(121, 10, 'Merkez', 1),
(122, 10, 'Murgul', 0),
(123, 10, 'Şavşat', 0),
(124, 10, 'Yusufeli', 0),
(125, 11, 'Bozdoğan', 0),
(126, 11, 'Buharkent', 0),
(127, 11, 'Çine', 0),
(128, 11, 'Davutlar', 0),
(129, 11, 'Didim', 0),
(130, 11, 'Germencik', 0),
(131, 11, 'Güzelçamlı', 0),
(132, 11, 'Ilıca mevkii', 0),
(133, 11, 'İncirliova', 0),
(134, 11, 'Kadınlar Denizi', 0),
(135, 11, 'Karacasu', 0),
(136, 11, 'Karpuzlu', 0),
(137, 11, 'Koçarlı', 0),
(138, 11, 'Kuşadası', 0),
(139, 11, 'Kuyucak', 0),
(140, 11, 'Merkez', 1),
(141, 11, 'Nazilli', 0),
(142, 11, 'Sahil Siteleri', 0),
(143, 11, 'Söke', 0),
(144, 11, 'Sultanhisar', 0),
(145, 11, 'Yenihisar', 0),
(146, 11, 'Yenipazar', 0),
(147, 12, 'Akçay', 0),
(148, 12, 'Ayvalık', 0),
(149, 12, 'Balya', 0),
(150, 12, 'Bandırma', 0),
(151, 12, 'Bigadiç', 0),
(152, 12, 'Burhaniye', 0),
(153, 12, 'Dursunbey', 0),
(154, 12, 'Edremit', 0),
(155, 12, 'Erdek', 0),
(156, 12, 'Gömeç', 0),
(157, 12, 'Gönen', 0),
(158, 12, 'Havran', 0),
(159, 12, 'İvrindi', 0),
(160, 12, 'Kepsut', 0),
(161, 12, 'Manyas', 0),
(162, 12, 'Marmara', 0),
(163, 12, 'Merkez', 1),
(164, 12, 'Merkez', 1),
(165, 12, 'Savaştepe', 0),
(166, 12, 'Sındırgı', 0),
(167, 12, 'Susurluk', 0),
(168, 13, 'Amasra', 0),
(169, 13, 'Kuruçaşile', 0),
(170, 13, 'Merkez', 1),
(171, 13, 'Ulus', 0),
(172, 14, 'Beşiri', 0),
(173, 14, 'Gercüş', 0),
(174, 14, 'Hasankeyf', 0),
(175, 14, 'Kozluk', 0),
(176, 14, 'Merkez', 1),
(177, 14, 'Sason', 0),
(178, 15, 'Aydıntepe', 0),
(179, 15, 'Demirözü', 0),
(180, 15, 'Merkez', 1),
(181, 16, 'Bozüyük', 0),
(182, 16, 'Gölpazarı', 0),
(183, 16, 'İnhisar', 0),
(184, 16, 'Merkez', 1),
(185, 16, 'Osmaneli', 0),
(186, 16, 'Pazaryeri', 0),
(187, 16, 'Söğüt', 0),
(188, 16, 'Yenipazar', 0),
(189, 17, 'Adaklı', 0),
(190, 17, 'Genç', 0),
(191, 17, 'Karlıova', 0),
(192, 17, 'Kiğı', 0),
(193, 17, 'Merkez', 1),
(194, 17, 'Solhan', 0),
(195, 17, 'Yayladere', 0),
(196, 17, 'Yedisu', 0),
(197, 18, 'Adilcevaz', 0),
(198, 18, 'Ahlat', 0),
(199, 18, 'Güroymak', 0),
(200, 18, 'Hizan', 0),
(201, 18, 'Merkez', 1),
(202, 18, 'Mutki', 0),
(203, 18, 'Tatvan', 0),
(204, 19, 'Abant', 0),
(205, 19, 'Akçakoca', 0),
(206, 19, 'Akkaya', 0),
(207, 19, 'Ayrılık Çeşmesi', 0),
(208, 19, 'Bolu Dağı', 0),
(209, 19, 'Dörtdivan', 0),
(210, 19, 'Gerede', 0),
(211, 19, 'Gölcük', 0),
(212, 19, 'Göynük', 0),
(213, 19, 'Hendek', 0),
(214, 19, 'Karacasu', 0),
(215, 19, 'Kartalkaya', 0),
(216, 19, 'Kıbrısçık', 0),
(217, 19, 'Mengen', 0),
(218, 19, 'Merkez', 1),
(219, 19, 'Mudurnu', 0),
(220, 19, 'Seben', 0),
(221, 19, 'Yeniçağa', 0),
(222, 20, 'Ağlasun', 0),
(223, 20, 'Altınyayla', 0),
(224, 20, 'Bucak', 0),
(225, 20, 'Çavdır', 0),
(226, 20, 'Çeltikçi', 0),
(227, 20, 'Gölhisar', 0),
(228, 20, 'Karamanlı', 0),
(229, 20, 'Kemer', 0),
(230, 20, 'Merkez', 1),
(231, 20, 'Tefenni', 0),
(232, 20, 'Yeşilova', 0),
(233, 21, 'Büyükorhan', 0),
(234, 21, 'Gemlik', 0),
(235, 21, 'Gürsu', 0),
(236, 21, 'Harmancık', 0),
(237, 21, 'İnegöl', 0),
(238, 21, 'İznik', 0),
(239, 21, 'Karacabey', 0),
(240, 21, 'Keleş', 0),
(241, 21, 'Kestel', 0),
(242, 21, 'M.Kemalpaşa', 0),
(243, 21, 'Merkez', 1),
(244, 21, 'Mudanya', 0),
(245, 21, 'Nilüfer', 0),
(246, 21, 'Orhaneli', 0),
(247, 21, 'Orhangazi', 0),
(248, 21, 'Osmangazi', 0),
(249, 21, 'Yenişehir', 0),
(250, 21, 'Yıldırım', 0),
(251, 22, 'Assos', 0),
(252, 22, 'Ayvacık', 0),
(253, 22, 'Bayramiç', 0),
(254, 22, 'Behramkale', 0),
(255, 22, 'Biga', 0),
(256, 22, 'Bozcaada', 0),
(257, 22, 'Çan', 0),
(258, 22, 'Eceabat', 0),
(259, 22, 'Ezine', 0),
(260, 22, 'Gelibolu', 0),
(261, 22, 'Gökçeada', 0),
(262, 22, 'Güzelyalı', 0),
(263, 22, 'Kalkım', 0),
(264, 22, 'Küçükkuyu', 0),
(265, 22, 'Lapseki', 0),
(266, 22, 'Merkez', 1),
(267, 22, 'Yenice', 0),
(268, 23, 'Atkaracalar', 0),
(269, 23, 'Bayramören', 0),
(270, 23, 'Çerkeş', 0),
(271, 23, 'Eldivan', 0),
(272, 23, 'Eskipazar', 0),
(273, 23, 'Ilgaz', 0),
(274, 23, 'Kızılırmak', 0),
(275, 23, 'Korgun', 0),
(276, 23, 'Kurşunlu', 0),
(277, 23, 'Merkez', 1),
(278, 23, 'Orta', 0),
(279, 23, 'Ovacık', 0),
(280, 23, 'Şabanözü', 0),
(281, 23, 'Yapraklı', 0),
(282, 24, 'Alaca', 0),
(283, 24, 'Bayat', 0),
(284, 24, 'Boğazkale', 0),
(285, 24, 'Dodurga', 0),
(286, 24, 'İskilip', 0),
(287, 24, 'Kargı', 0),
(288, 24, 'Laçin', 0),
(289, 24, 'Mecitözü', 0),
(290, 24, 'Merkez', 1),
(291, 24, 'Oğuzlar', 0),
(292, 24, 'Ortaköy', 0),
(293, 24, 'Osmancık', 0),
(294, 24, 'Sungurlu', 0),
(295, 24, 'Uğurludağ', 0),
(296, 25, 'Acıpayam', 0),
(297, 25, 'Akköy', 0),
(298, 25, 'Babadağ', 0),
(299, 25, 'Baklan', 0),
(300, 25, 'Bekilli', 0),
(301, 25, 'Beyağaç', 0),
(302, 25, 'Bozkurt', 0),
(303, 25, 'Buldan', 0),
(304, 25, 'Çal', 0),
(305, 25, 'Çameli', 0),
(306, 25, 'Çardak', 0),
(307, 25, 'Çivril', 0),
(308, 25, 'Güney', 0),
(309, 25, 'Honaz', 0),
(310, 25, 'Kale', 0),
(311, 25, 'Merkez', 1),
(312, 25, 'Pamukkale', 0),
(313, 25, 'Sarayköy', 0),
(314, 25, 'Serinhisar', 0),
(315, 25, 'Tavas', 0),
(316, 26, 'Bismil', 0),
(317, 26, 'Çermik', 0),
(318, 26, 'Çınar', 0),
(319, 26, 'Çüngüş', 0),
(320, 26, 'Dicle', 0),
(321, 26, 'Eğil', 0),
(322, 26, 'Ergani', 0),
(323, 26, 'Hani', 0),
(324, 26, 'Hazro', 0),
(325, 26, 'Kocaköy', 0),
(326, 26, 'Kulp', 0),
(327, 26, 'Lice', 0),
(328, 26, 'Merkez', 1),
(329, 26, 'Silvan', 0),
(330, 27, 'Akçakoca', 0),
(331, 27, 'Cumayeri', 0),
(332, 27, 'Çilimli', 0),
(333, 27, 'Gölyaka', 0),
(334, 27, 'Gümüşova', 0),
(335, 27, 'Kaynaşlı', 0),
(336, 27, 'Merkez', 1),
(337, 27, 'Yığılca', 0),
(338, 28, 'Enez', 0),
(339, 28, 'Havsa', 0),
(340, 28, 'İpsala', 0),
(341, 28, 'Kapıkule', 0),
(342, 28, 'Keşan', 0),
(343, 28, 'Lalapaşa', 0),
(344, 28, 'Meriç', 0),
(345, 28, 'Merkez', 1),
(346, 28, 'Süloğlu', 0),
(347, 28, 'Uzunköprü', 0),
(348, 29, 'Ağın', 0),
(349, 29, 'Akçakaya', 0),
(350, 29, 'Alacakaya', 0),
(351, 29, 'Arıcak', 0),
(352, 29, 'Baskil', 0),
(353, 29, 'Karakoçan', 0),
(354, 29, 'Keban', 0),
(355, 29, 'Kovancılar', 0),
(356, 29, 'Maden', 0),
(357, 29, 'Merkez', 1),
(358, 29, 'Palu', 0),
(359, 29, 'Sivrice', 0),
(360, 30, 'Çayırlı', 0),
(361, 30, 'İliç', 0),
(362, 30, 'Kemah', 0),
(363, 30, 'Kemaliye', 0),
(364, 30, 'Merkez', 1),
(365, 30, 'Otlukbeli', 0),
(366, 30, 'Refahiye', 0),
(367, 30, 'Tercan', 0),
(368, 30, 'Üzümlü', 0),
(369, 31, 'Aşkale', 0),
(370, 31, 'Çat', 0),
(371, 31, 'Hınıs', 0),
(372, 31, 'Horasan', 0),
(373, 31, 'Ilıca', 0),
(374, 31, 'İspir', 0),
(375, 31, 'Karaçoban', 0),
(376, 31, 'Karayazı', 0),
(377, 31, 'Köprüköy', 0),
(378, 31, 'Merkez', 1),
(379, 31, 'Narman', 0),
(380, 31, 'Oltu', 0),
(381, 31, 'Olur', 0),
(382, 31, 'Palandöken', 0),
(383, 31, 'Pasinler', 0),
(384, 31, 'Pazaryolu', 0),
(385, 31, 'Şenkaya', 0),
(386, 31, 'Tekman', 0),
(387, 31, 'Tortum', 0),
(388, 31, 'Uzundere', 0),
(389, 32, 'Alpu', 0),
(390, 32, 'Beylikova', 0),
(391, 32, 'Çifteler', 0),
(392, 32, 'Günyüzü', 0),
(393, 32, 'Han', 0),
(394, 32, 'İnönü', 0),
(395, 32, 'Mahmudiye', 0),
(396, 32, 'Merkez', 1),
(397, 32, 'Mihalgazi', 0),
(398, 32, 'Mihalıççık', 0),
(399, 32, 'Sarıcakaya', 0),
(400, 32, 'Seyitgazi', 0),
(401, 32, 'Sivrihisar', 0),
(402, 33, 'Araban', 0),
(403, 33, 'İslahiye', 0),
(404, 33, 'Karkamış', 0),
(405, 33, 'Merkez', 1),
(406, 33, 'Nizip', 0),
(407, 33, 'Nurdağı', 0),
(408, 33, 'Oğuzeli', 0),
(409, 33, 'Şahinbey', 0),
(410, 33, 'Şehit Kamil', 0),
(411, 33, 'Yavuzeli', 0),
(412, 34, 'Alucra', 0),
(413, 34, 'Bulancak', 0),
(414, 34, 'Çamoluk', 0),
(415, 34, 'Çanakçı', 0),
(416, 34, 'Dereli', 0),
(417, 34, 'Doğankent', 0),
(418, 34, 'Espiye', 0),
(419, 34, 'Eynesil', 0),
(420, 34, 'Görele', 0),
(421, 34, 'Güce', 0),
(422, 34, 'Keşap', 0),
(423, 34, 'Merkez', 1),
(424, 34, 'Piraziz', 0),
(425, 34, 'Şebinkarahisar', 0),
(426, 34, 'Tirebolu', 0),
(427, 34, 'Yağlıdere', 0),
(428, 35, 'Kelkit', 0),
(429, 35, 'Köse', 0),
(430, 35, 'Kürtün', 0),
(431, 35, 'Merkez', 1),
(432, 35, 'Şiran', 0),
(433, 35, 'Torul', 0),
(434, 35, 'Zigana', 0),
(435, 36, 'Çukurca', 0),
(436, 36, 'Merkez', 1),
(437, 36, 'Şemdinli', 0),
(438, 36, 'Yüksekova', 0),
(439, 37, 'Altınözü', 0),
(440, 37, 'Antakya', 0),
(441, 37, 'Belen', 0),
(442, 37, 'Dörtyol', 0),
(443, 37, 'Erzin', 0),
(444, 37, 'Hassa', 0),
(445, 37, 'İskenderun', 0),
(446, 37, 'Kırıkhan', 0),
(447, 37, 'Kumlu', 0),
(448, 37, 'Merkez', 1),
(449, 37, 'Reyhanlı', 0),
(450, 37, 'Samandağı', 0),
(451, 37, 'Yayladağı', 0),
(452, 38, 'Aralık', 0),
(453, 38, 'Karakoyunlu', 0),
(454, 38, 'Merkez', 1),
(455, 38, 'Tuzluca', 0),
(456, 39, 'Aksu', 0),
(457, 39, 'Atabey', 0),
(458, 39, 'Eğirdir', 0),
(459, 39, 'Gelendost', 0),
(460, 39, 'Gönen', 0),
(461, 39, 'Keçiborlu', 0),
(462, 39, 'Merkez', 1),
(463, 39, 'Senirkent', 0),
(464, 39, 'Sütçüler', 0),
(465, 39, 'Şarkikaraağaç', 0),
(466, 39, 'Uluborlu', 0),
(467, 39, 'Yalvaç', 0),
(468, 39, 'Yenişarbademli', 0),
(469, 40, 'Anamur', 0),
(470, 40, 'Aydıncık', 0),
(471, 40, 'Bozkaya', 0),
(472, 40, 'Bozyazı', 0),
(473, 40, 'Çamlıyayla', 0),
(474, 40, 'Erdemli', 0),
(475, 40, 'Gülnar', 0),
(476, 40, 'Merkez', 1),
(477, 40, 'Mersin', 0),
(478, 40, 'Mut', 0),
(479, 40, 'Silifke', 0),
(480, 40, 'Tarsus', 0),
(481, 41, 'Adalar', 0),
(482, 41, 'Avcılar', 0),
(483, 41, 'Bağcılar', 0),
(484, 41, 'Bahçelievler', 0),
(485, 41, 'Bakırköy', 0),
(486, 41, 'Bayrampaşa', 0),
(487, 41, 'Beşiktaş', 0),
(488, 41, 'Beykoz', 0),
(489, 41, 'Beyoğlu', 0),
(490, 41, 'Büyükçekmece', 0),
(491, 41, 'Çatalca', 0),
(492, 41, 'Eminönü', 0),
(493, 41, 'Esenler', 0),
(494, 41, 'Esenyurt', 0),
(495, 41, 'Eyüp', 0),
(496, 41, 'Fatih', 0),
(497, 41, 'Gaziosmanpaşa', 0),
(498, 41, 'Güngören', 0),
(499, 41, 'Kadıköy', 0),
(500, 41, 'Kağıthane', 0),
(501, 41, 'Kartal', 0),
(502, 41, 'Küçükçekmece', 0),
(503, 41, 'Maltepe', 0),
(504, 41, 'Pendik', 0),
(505, 41, 'Sarıyer', 0),
(506, 41, 'Silivri', 0),
(507, 41, 'Sultanbeyli', 0),
(508, 41, 'Şile', 0),
(509, 41, 'Şişli', 0),
(510, 41, 'Tuzla', 0),
(511, 41, 'Ümraniye', 0),
(512, 41, 'Üsküdar', 0),
(513, 41, 'Zeytinburnu', 0),
(514, 42, 'Aliağa', 0),
(515, 42, 'Balçova', 0),
(516, 42, 'Bayındır', 0),
(517, 42, 'Bergama', 0),
(518, 42, 'Beydağ', 0),
(519, 42, 'Bornova', 0),
(520, 42, 'Buca', 0),
(521, 42, 'Çeşme', 0),
(522, 42, 'Çiğli', 0),
(523, 42, 'Dikili', 0),
(524, 42, 'Foça', 0),
(525, 42, 'Gaziemir', 0),
(526, 42, 'Güzelbahçe', 0),
(527, 42, 'Karaburun', 0),
(528, 42, 'Karşıyaka', 0),
(529, 42, 'Kemalpaşa', 0),
(530, 42, 'Kınık', 0),
(531, 42, 'Kiraz', 0),
(532, 42, 'Konak', 0),
(533, 42, 'Menderes', 0),
(534, 42, 'Menemen', 0),
(535, 42, 'Merkez', 1),
(536, 42, 'Narlıdere', 0),
(537, 42, 'Ödemiş', 0),
(538, 42, 'Seferihisar', 0),
(539, 42, 'Selçuk', 0),
(540, 42, 'Tire', 0),
(541, 42, 'Torbalı', 0),
(542, 42, 'Turgutlu', 0),
(543, 42, 'Urla', 0),
(544, 43, 'Afşin', 0),
(545, 43, 'Andırın', 0),
(546, 43, 'Elbistan', 0),
(547, 43, 'Göksun', 0),
(548, 43, 'Merkez', 1),
(549, 43, 'Pazarcık', 0),
(550, 44, 'Eflani', 0),
(551, 44, 'Eskipazar', 0),
(552, 44, 'Merkez', 1),
(553, 44, 'Ovacık', 0),
(554, 44, 'Safranbolu', 0),
(555, 44, 'Yenice', 0),
(556, 45, 'Ayrancı', 0),
(557, 45, 'Başyayla', 0),
(558, 45, 'Ermenek', 0),
(559, 45, 'Kazımkarabekir', 0),
(560, 45, 'Merkez', 1),
(561, 45, 'Sarıveliler', 0),
(562, 46, 'Akyaka', 0),
(563, 46, 'Arpaçay', 0),
(564, 46, 'Digor', 0),
(565, 46, 'Kağızman', 0),
(566, 46, 'Merkez', 1),
(567, 46, 'Sarıkamış', 0),
(568, 46, 'Selim', 0),
(569, 46, 'Susuz', 0),
(570, 47, 'Abana', 0),
(571, 47, 'Ağlı', 0),
(572, 47, 'Araç', 0),
(573, 47, 'Azdavay', 0),
(574, 47, 'Bozkurt', 0),
(575, 47, 'Cide', 0),
(576, 47, 'Çatalzeytin', 0),
(577, 47, 'Daday', 0),
(578, 47, 'Devrekani', 0),
(579, 47, 'Doğanyurt', 0),
(580, 47, 'Hanönü', 0),
(581, 47, 'Ilgaz Dağı', 0),
(582, 47, 'İhsangazi', 0),
(583, 47, 'İnebolu', 0),
(584, 47, 'Küre', 0),
(585, 47, 'Merkez', 1),
(586, 47, 'Pınarbaşı', 0),
(587, 47, 'Seydiler', 0),
(588, 47, 'Şenpazar', 0),
(589, 47, 'Taşköprü', 0),
(590, 47, 'Tosya', 0),
(591, 48, 'Akkışla', 0),
(592, 48, 'Bünyan', 0),
(593, 48, 'Develi', 0),
(594, 48, 'Erciyes', 0),
(595, 48, 'Felahiye', 0),
(596, 48, 'Gesi', 0),
(597, 48, 'Hacılar', 0),
(598, 48, 'İncesu', 0),
(599, 48, 'Kocasinan', 0),
(600, 48, 'Melikgazi', 0),
(601, 48, 'Merkez', 1),
(602, 48, 'Özvatan', 0),
(603, 48, 'Pınarbaşı', 0),
(604, 48, 'Sarıoğlan', 0),
(605, 48, 'Sarız', 0),
(606, 48, 'Talas', 0),
(607, 48, 'Tomarza', 0),
(608, 48, 'Ürgüp', 0),
(609, 48, 'Yahyalı', 0),
(610, 48, 'Yeşilhisar', 0),
(611, 49, 'Bahşili', 0),
(612, 49, 'Balışeyh', 0),
(613, 49, 'Çelebi', 0),
(614, 49, 'Delice', 0),
(615, 49, 'Karakeçili', 0),
(616, 49, 'Keskin', 0),
(617, 49, 'Merkez', 1),
(618, 49, 'Sulakyurt', 0),
(619, 49, 'Yahşihan', 0),
(620, 50, 'Babaeski', 0),
(621, 50, 'Demirköy', 0),
(622, 50, 'Kofçaz', 0),
(623, 50, 'Lüleburgaz', 0),
(624, 50, 'Merkez', 1),
(625, 50, 'Pehlivanköy', 0),
(626, 50, 'Pınarhisar', 0),
(627, 50, 'Vize', 0),
(628, 51, 'Akçakent', 0),
(629, 51, 'Akpınar', 0),
(630, 51, 'Boztepe', 0),
(631, 51, 'Çiçekdağı', 0),
(632, 51, 'Kaman', 0),
(633, 51, 'Merkez', 1),
(634, 51, 'Mucur', 0),
(635, 52, 'Elbeyli', 0),
(636, 52, 'Merkez', 1),
(637, 52, 'Musabeyli', 0),
(638, 52, 'Polateli', 0),
(639, 53, 'Derince', 0),
(640, 53, 'Gebze', 0),
(641, 53, 'Gölcük', 0),
(642, 53, 'İzmit', 0),
(643, 53, 'Kandıra', 0),
(644, 53, 'Karamürsel', 0),
(645, 53, 'Kartepe', 0),
(646, 53, 'Kefken', 0),
(647, 53, 'Körfez', 0),
(648, 53, 'Merkez', 1),
(649, 54, 'Ahırlı', 0),
(650, 54, 'Akören', 0),
(651, 54, 'Akşehir', 0),
(652, 54, 'Altınekin', 0),
(653, 54, 'Beyşehir', 0),
(654, 54, 'Bozkır', 0),
(655, 54, 'Cihanbeyli', 0),
(656, 54, 'Çeltik', 0),
(657, 54, 'Çumra', 0),
(658, 54, 'Derbent', 0),
(659, 54, 'Derebucak', 0),
(660, 54, 'Doğanhisar', 0),
(661, 54, 'Emirgazi', 0),
(662, 54, 'Ereğli', 0),
(663, 54, 'Güneysınır', 0),
(664, 54, 'Hadim', 0),
(665, 54, 'Halkapınar', 0),
(666, 54, 'Hüyük', 0),
(667, 54, 'Ilgın', 0),
(668, 54, 'Kadınhanı', 0),
(669, 54, 'Karapınar', 0),
(670, 54, 'Karatay', 0),
(671, 54, 'Kulu', 0),
(672, 54, 'Meram', 0),
(673, 54, 'Merkez', 1),
(674, 54, 'Sarayönü', 0),
(675, 54, 'Selçuklu', 0),
(676, 54, 'Seydişehir', 0),
(677, 54, 'Taşkent', 0),
(678, 54, 'Tuzlukçu', 0),
(679, 54, 'Yalıhöyük', 0),
(680, 54, 'Yunak', 0),
(681, 55, 'Altıntaş', 0),
(682, 55, 'Aslanapa', 0),
(683, 55, 'Çavdarhisar', 0),
(684, 55, 'Domaniç', 0),
(685, 55, 'Dumlupınar', 0),
(686, 55, 'Emet', 0),
(687, 55, 'Gediz', 0),
(688, 55, 'Hisarcık', 0),
(689, 55, 'Merkez', 1),
(690, 55, 'Pazarlar', 0),
(691, 55, 'Simav', 0),
(692, 55, 'Şaphane', 0),
(693, 55, 'Tavşanlı', 0),
(694, 55, 'Yoncalı', 0),
(695, 56, 'Yeni İskele', 0),
(696, 57, 'Akçadağ', 0),
(697, 57, 'Arapgir', 0),
(698, 57, 'Arguvan', 0),
(699, 57, 'Battalgazi', 0),
(700, 57, 'Darende', 0),
(701, 57, 'Doğanşehir', 0),
(702, 57, 'Doğanyol', 0),
(703, 57, 'Hekimhan', 0),
(704, 57, 'Kale', 0),
(705, 57, 'Kuluncak', 0),
(706, 57, 'Merkez', 1),
(707, 57, 'Pütürge', 0),
(708, 57, 'Yazıhan', 0),
(709, 57, 'Yeşilyurt', 0),
(710, 58, 'Ahmetli', 0),
(711, 58, 'Akhisar', 0),
(712, 58, 'Alaşehir', 0),
(713, 58, 'Demirci', 0),
(714, 58, 'Gölmarmara', 0),
(715, 58, 'Gördeş', 0),
(716, 58, 'Kırkağaç', 0),
(717, 58, 'Köprübaşı', 0),
(718, 58, 'Kula', 0),
(719, 58, 'Merkez', 1),
(720, 58, 'Salihli', 0),
(721, 58, 'Sarıgöl', 0),
(722, 58, 'Saruhanlı', 0),
(723, 58, 'Selendi', 0),
(724, 58, 'Soma', 0),
(725, 58, 'Turgutlu', 0),
(726, 59, 'Dergeçit', 0),
(727, 59, 'Derik', 0),
(728, 59, 'Kızıltepe', 0),
(729, 59, 'Mazıdağı', 0),
(730, 59, 'Merkez', 1),
(731, 59, 'Midyat', 0),
(732, 59, 'Nusaybin', 0),
(733, 59, 'Ömerli', 0),
(734, 59, 'Savur', 0),
(735, 59, 'Yenişehir', 0),
(736, 59, 'Yeşilli', 0),
(737, 60, 'Bodrum', 0),
(738, 60, 'Dalaman', 0),
(739, 60, 'Dalyan', 0),
(740, 60, 'Datça', 0),
(741, 60, 'Fethiye', 0),
(742, 60, 'Kavaklıdere', 0),
(743, 60, 'Köyceğiz', 0),
(744, 60, 'Marmaris', 0),
(745, 60, 'Merkez', 1),
(746, 60, 'Milas', 0),
(747, 60, 'Ortaca', 0),
(748, 60, 'Sarıgerme', 0),
(749, 60, 'Torba', 0),
(750, 60, 'Ula', 0),
(751, 60, 'Yatağan', 0),
(752, 61, 'Bulanık', 0),
(753, 61, 'Hasköy', 0),
(754, 61, 'Korkut', 0),
(755, 61, 'Malazgirt', 0),
(756, 61, 'Merkez', 1),
(757, 61, 'Varto', 0),
(758, 62, 'Acıgöl', 0),
(759, 62, 'Avanos', 0),
(760, 62, 'Derinkuyu', 0),
(761, 62, 'Göreme', 0),
(762, 62, 'Gülşehir', 0),
(763, 62, 'Hacıbektaş', 0),
(764, 62, 'Kapadokya', 0),
(765, 62, 'Kaymaklı', 0),
(766, 62, 'Kozaklı', 0),
(767, 62, 'Merkez', 1),
(768, 62, 'Mustafapaşa', 0),
(769, 62, 'Uçhisar', 0),
(770, 62, 'Ürgüp', 0),
(771, 62, 'Zelve', 0),
(772, 63, 'Altunhisar', 0),
(773, 63, 'Bor', 0),
(774, 63, 'Çamardı', 0),
(775, 63, 'Çiftlik', 0),
(776, 63, 'Merkez', 1),
(777, 63, 'Ulukışla', 0),
(778, 64, 'Akkuş', 0),
(779, 64, 'Aybastı', 0),
(780, 64, 'Çamaş', 0),
(781, 64, 'Çatalpınar', 0),
(782, 64, 'Çaybaşı', 0),
(783, 64, 'Fatsa', 0),
(784, 64, 'Gölköy', 0),
(785, 64, 'Gölyalı', 0),
(786, 64, 'Gürgentepe', 0),
(787, 64, 'İkizce', 0),
(788, 64, 'Kabadüz', 0),
(789, 64, 'Kabataş', 0),
(790, 64, 'Korgan', 0),
(791, 64, 'Kumru', 0),
(792, 64, 'Merkez', 1),
(793, 64, 'Mesudiye', 0),
(794, 64, 'Perşembe', 0),
(795, 64, 'Ulubey', 0),
(796, 64, 'Ünye', 0),
(797, 65, 'Bahçe', 0),
(798, 65, 'Düziçi', 0),
(799, 65, 'Hasanbeyli', 0),
(800, 65, 'Kadirli', 0),
(801, 65, 'Merkez', 1),
(802, 65, 'Sumbas', 0),
(803, 65, 'Toprakkale', 0),
(804, 66, 'Alipaşa köyü', 0),
(805, 66, 'Ardeşen', 0),
(806, 66, 'Çamlıhemşin', 0),
(807, 66, 'Çayeli', 0),
(808, 66, 'Derepazarı', 0),
(809, 66, 'Fındıklı', 0),
(810, 66, 'Güneysu', 0),
(811, 66, 'Hemşin', 0),
(812, 66, 'İkizdere', 0),
(813, 66, 'İyidere', 0),
(814, 66, 'Kalkandere', 0),
(815, 66, 'Merkez', 1),
(816, 66, 'Pazar', 0),
(817, 67, 'Adapazarı', 0),
(818, 67, 'Akyazı', 0),
(819, 67, 'Arifiye', 0),
(820, 67, 'Derbent', 0),
(821, 67, 'Dibektaş', 0),
(822, 67, 'Dilekli', 0),
(823, 67, 'Erdemli', 0),
(824, 67, 'Ferizli', 0),
(825, 67, 'Fevziye', 0),
(826, 67, 'Geyve', 0),
(827, 67, 'Güldibi', 0),
(828, 67, 'Hacımercan', 0),
(829, 67, 'Hendek', 0),
(830, 67, 'İlmiye', 0),
(831, 67, 'Karapürçek', 0),
(832, 67, 'Karasu', 0),
(833, 67, 'Kaynarca', 0),
(834, 67, 'Kırkpınar', 0),
(835, 67, 'Kocaali', 0),
(836, 67, 'Mahmudiye', 0),
(837, 67, 'Masukiye', 0),
(838, 67, 'Memnuniye', 0),
(839, 67, 'Pamukova', 0),
(840, 67, 'Sapanca', 0),
(841, 67, 'Söğütlü', 0),
(842, 67, 'Taraklı', 0),
(843, 67, 'Uzunkum', 0),
(844, 67, 'Yanıkköy', 0),
(845, 68, 'Adliye', 0),
(846, 68, 'Alaçam', 0),
(847, 68, 'Asarcık', 0),
(848, 68, 'Ayvacık', 0),
(849, 68, 'Bafra', 0),
(850, 68, 'Çarşamba', 0),
(851, 68, 'Havza', 0),
(852, 68, 'Kavak', 0),
(853, 68, 'Ladik', 0),
(854, 68, 'Merkez', 1),
(855, 68, 'Ondokuz Mayıs', 0),
(856, 68, 'Salıpazarı', 0),
(857, 68, 'Tekkeköy', 0),
(858, 68, 'Terme', 0),
(859, 68, 'Vezirköprü', 0),
(860, 68, 'Yakakent', 0),
(861, 69, 'Aydınlar', 0),
(862, 69, 'Baykan', 0),
(863, 69, 'Eruh', 0),
(864, 69, 'Kurtalan', 0),
(865, 69, 'Merkez', 1),
(866, 69, 'Pervari', 0),
(867, 69, 'Şirvan', 0),
(868, 70, 'Ayancık', 0),
(869, 70, 'Boyabat', 0),
(870, 70, 'Dikmen', 0),
(871, 70, 'Durağan', 0),
(872, 70, 'Erfelek', 0),
(873, 70, 'Gerze', 0),
(874, 70, 'Korucuk köyü', 0),
(875, 70, 'Merkez', 1),
(876, 70, 'Saraydüzü', 0),
(877, 70, 'Türkeli', 0),
(878, 71, 'Akıncılar', 0),
(879, 71, 'Altınyayla', 0),
(880, 71, 'Divriği', 0),
(881, 71, 'Doğanşar', 0),
(882, 71, 'Gemerek', 0),
(883, 71, 'Gölova', 0),
(884, 71, 'Gürün', 0),
(885, 71, 'Hafik', 0),
(886, 71, 'İmranlı', 0),
(887, 71, 'Kangal', 0),
(888, 71, 'Koyulhisar', 0),
(889, 71, 'Merkez', 1),
(890, 71, 'Suşehri', 0),
(891, 71, 'Şarkışla', 0),
(892, 71, 'Ulaş', 0),
(893, 71, 'Yıldızeli', 0),
(894, 71, 'Zara', 0),
(895, 72, 'Akçakale', 0),
(896, 72, 'Birecik', 0),
(897, 72, 'Bozova', 0),
(898, 72, 'Ceylanpınar', 0),
(899, 72, 'Halfeti', 0),
(900, 72, 'Harran', 0),
(901, 72, 'Hilvan', 0),
(902, 72, 'Merkez', 1),
(903, 72, 'Siverek', 0),
(904, 72, 'Suruç', 0),
(905, 72, 'Viranşehir', 0),
(906, 73, 'Beytüşşebap', 0),
(907, 73, 'Cizre', 0),
(908, 73, 'Güçlükonak', 0),
(909, 73, 'Habur', 0),
(910, 73, 'İdil', 0),
(911, 73, 'Merkez', 1),
(912, 73, 'Silopi', 0),
(913, 73, 'Uludere', 0),
(914, 74, 'Çerkezköy', 0),
(915, 74, 'Çorlu', 0),
(916, 74, 'Hayrabolu', 0),
(917, 74, 'Malkara', 0),
(918, 74, 'Marmara Ereğlisi', 0),
(919, 74, 'Merkez', 1),
(920, 74, 'Muratlı', 0),
(921, 74, 'Saray', 0),
(922, 74, 'Şarköy', 0),
(923, 75, 'Almus', 0),
(924, 75, 'Artova', 0),
(925, 75, 'Başçiftlik', 0),
(926, 75, 'Demirköprü', 0),
(927, 75, 'Erbaa', 0),
(928, 75, 'Merkez', 1),
(929, 75, 'Niksar', 0),
(930, 75, 'Pazar', 0),
(931, 75, 'Reşadiye', 0),
(932, 75, 'Sulusaray', 0),
(933, 75, 'Turhal', 0),
(934, 75, 'Yeşilyurt', 0),
(935, 75, 'Zile', 0),
(936, 76, 'Akçaabat', 0),
(937, 76, 'Araklı', 0),
(938, 76, 'Arsin', 0),
(939, 76, 'Beşikdözü', 0),
(940, 76, 'Çarşıbaşı', 0),
(941, 76, 'Çaykara', 0),
(942, 76, 'Dernekpazarı', 0),
(943, 76, 'Düzköy', 0),
(944, 76, 'Hayrat', 0),
(945, 76, 'Köprübaşı', 0),
(946, 76, 'Maçka', 0),
(947, 76, 'Merkez', 1),
(948, 76, 'Of', 0),
(949, 76, 'Sürmene', 0),
(950, 76, 'Şalpazarı', 0),
(951, 76, 'Tonya', 0),
(952, 76, 'Vakfıkebir', 0),
(953, 76, 'Yomra', 0),
(954, 77, 'Çemişgezek', 0),
(955, 77, 'Hozat', 0),
(956, 77, 'Mazgirt', 0),
(957, 77, 'Merkez', 1),
(958, 77, 'Nazımiye', 0),
(959, 77, 'Ovacık', 0),
(960, 77, 'Pertek', 0),
(961, 77, 'Pülümür', 0),
(962, 78, 'Banaz', 0),
(963, 78, 'Eşme', 0),
(964, 78, 'Karahallı', 0),
(965, 78, 'Merkez', 1),
(966, 78, 'Sivaslı', 0),
(967, 78, 'Ulubey', 0),
(968, 79, 'Bahçesaray', 0),
(969, 79, 'Başkale', 0),
(970, 79, 'Çaldıran', 0),
(971, 79, 'Çatak', 0),
(972, 79, 'Edremit', 0),
(973, 79, 'Erciş', 0),
(974, 79, 'Gevaş', 0),
(975, 79, 'Gürpınar', 0),
(976, 79, 'Merkez', 1),
(977, 79, 'Muradiye', 0),
(978, 79, 'Özalp', 0),
(979, 79, 'Saray', 0),
(980, 80, 'Altınova', 0),
(981, 80, 'Armutlu', 0),
(982, 80, 'Çınarcık', 0),
(983, 80, 'Çiftlikköy', 0),
(984, 80, 'Merkez', 1),
(985, 80, 'Termal', 0),
(986, 81, 'Akdağmadeni', 0),
(987, 81, 'Aydıncık', 0),
(988, 81, 'Boğazlıyan', 0),
(989, 81, 'Çamlık Milli Parkı', 0),
(990, 81, 'Çandır', 0),
(991, 81, 'Çayıralan', 0),
(992, 81, 'Çekerek', 0),
(993, 81, 'Kadışehri', 0),
(994, 81, 'Merkez', 1),
(995, 81, 'Saraykent', 0),
(996, 81, 'Sarıkaya', 0),
(997, 81, 'Sorgun', 0),
(998, 81, 'Şefaatli', 0),
(999, 81, 'Yenifakılı', 0),
(1000, 81, 'Yerköy', 0),
(1001, 82, 'Alaplı', 0),
(1002, 82, 'Çaycuma', 0),
(1003, 82, 'Devrek', 0),
(1004, 82, 'Ereğli', 0),
(1005, 82, 'Gökçebey', 0),
(1006, 82, 'Karabük', 0),
(1007, 82, 'Merkez', 1),
(1008, 82, 'Yedigöller', 0);

-- --------------------------------------------------------

--
-- Table structure for table `adres_semt`
--

CREATE TABLE IF NOT EXISTS `adres_semt` (
  `no` int(4) unsigned NOT NULL auto_increment,
  `ilce` int(4) unsigned NOT NULL default '0',
  `semt` varchar(32) collate utf8_turkish_ci NOT NULL default '',
  `sira` int(4) unsigned NOT NULL default '0',
  PRIMARY KEY  (`no`),
  KEY `il` (`ilce`)
) ENGINE=InnoDB  DEFAULT CHARSET=utf8 COLLATE=utf8_turkish_ci AUTO_INCREMENT=4871 ;

--
-- Dumping data for table `adres_semt`
--

INSERT INTO `adres_semt` (`no`, `ilce`, `semt`, `sira`) VALUES
(1, 1, 'Merkez', 1),
(2, 2, 'Beyazevler Mah.', 0),
(3, 2, 'Merkez', 1),
(4, 3, '100. Yıl', 0),
(5, 3, 'Balcalı', 0),
(6, 3, 'Belediyeevleri', 0),
(7, 3, 'Çukurova Ünv.', 0),
(8, 3, 'Fevzipaşa', 0),
(9, 3, 'Garajlar', 0),
(10, 3, 'Hükümet', 0),
(11, 3, 'Mahfesığmaz', 0),
(12, 3, 'Mavibulvar', 0),
(13, 3, 'Merkez', 1),
(14, 3, 'Numune', 0),
(15, 3, 'Şakirpaşa', 0),
(16, 3, 'Yeşiloba', 0),
(17, 3, 'Yurt', 0),
(18, 3, 'Ziyapaşa', 0),
(19, 4, 'Çarşı', 0),
(20, 4, 'Kösreli', 0),
(21, 4, 'Merkez', 1),
(22, 4, 'Sağkaya', 0),
(23, 5, '6. Kolordu', 0),
(24, 5, 'Akkapı', 0),
(25, 5, 'Buruk', 0),
(26, 5, 'Doğankent', 0),
(27, 5, 'Hal', 0),
(28, 5, 'Havutlu', 0),
(29, 5, 'Haydaroğlu', 0),
(30, 5, 'İncirlik', 0),
(31, 5, 'Karşıyaka', 0),
(32, 5, 'Keresteciler', 0),
(33, 5, 'Kiremithane', 0),
(34, 5, 'Merkez', 1),
(35, 5, 'P.T.T. Evler', 0),
(36, 5, 'Sofulu', 0),
(37, 5, 'Solaklı', 0),
(38, 5, 'Tuzla', 0),
(39, 5, 'Yakapınar', 0),
(40, 5, 'Yamaçlı', 0),
(41, 5, 'Yavuzlar', 0),
(42, 5, 'Yenibey', 0),
(43, 6, 'Merkez', 1),
(44, 7, 'Mansurlu', 0),
(45, 7, 'Merkez', 1),
(46, 8, 'Merkez', 1),
(47, 9, 'Çatalan', 0),
(48, 9, 'Merkez', 1),
(49, 9, 'Salbaş', 0),
(50, 10, 'Merkez', 1),
(51, 10, 'Tuzla', 0),
(52, 11, 'Gaziköy', 0),
(53, 11, 'Hacıbeyli', 0),
(54, 11, 'Merkez', 1),
(55, 11, 'Tepecikören', 0),
(56, 11, 'Yukarıçarşı', 0),
(57, 12, 'Merkez', 1),
(58, 13, 'Kamışlı', 0),
(59, 13, 'Merkez', 1),
(60, 14, 'Merkez', 1),
(61, 15, '100. Yıl', 0),
(62, 15, '2000 Evler', 0),
(63, 15, 'A.Remzi Yüreğir', 0),
(64, 15, 'Akkapı', 0),
(65, 15, 'Alidede', 0),
(66, 15, 'Aydınlar', 0),
(67, 15, 'Bahçelievler', 0),
(68, 15, 'Bahçeşehir', 0),
(69, 15, 'Barbaros', 0),
(70, 15, 'Barış', 0),
(71, 15, 'Belediye Evleri', 0),
(72, 15, 'Beşocak', 0),
(73, 15, 'Bey', 0),
(74, 15, 'Beyaz Evler', 0),
(75, 15, 'Cemal Paşa', 0),
(76, 15, 'Çınarlı', 0),
(77, 15, 'Dağlıoğlu', 0),
(78, 15, 'Demetevler', 0),
(79, 15, 'Dumlupınar', 0),
(80, 15, 'Emek', 0),
(81, 15, 'Fatih', 0),
(82, 15, 'Fevzipaşa', 0),
(83, 15, 'Gazipaşa', 0),
(84, 15, 'Gülbahçesi', 0),
(85, 15, 'Gülpınar', 0),
(86, 15, 'Gürselpaşa', 0),
(87, 15, 'Güzelyalı', 0),
(88, 15, 'Hanedan', 0),
(89, 15, 'Havuzlubahçe', 0),
(90, 15, 'Hurmalı', 0),
(91, 15, 'Huzurevleri Mah.', 0),
(92, 15, 'Hürriyet', 0),
(93, 15, 'İsmet Paşa', 0),
(94, 15, 'İstiklal', 0),
(95, 15, 'Karasoku', 0),
(96, 15, 'Karayusuflu', 0),
(97, 15, 'Kayalıbağ', 0),
(98, 15, 'Kenan Evren Bulvarı', 0),
(99, 15, 'Kocavezir', 0),
(100, 15, 'Kurtuluş', 0),
(101, 15, 'Kuruköprü', 0),
(102, 15, 'Küçük Dikili', 0),
(103, 15, 'Mahfesığmaz', 0),
(104, 15, 'Mavi Bulvar', 0),
(105, 15, 'Merkez', 1),
(106, 15, 'Mestanzade', 0),
(107, 15, 'Meydan', 0),
(108, 15, 'Mıdık', 0),
(109, 15, 'Mirzaçelebi', 0),
(110, 15, 'Mithatpaşa', 0),
(111, 15, 'Namık Kemal', 0),
(112, 15, 'Narlıca', 0),
(113, 15, 'Onur', 0),
(114, 15, 'Ova', 0),
(115, 15, 'Pınar', 0),
(116, 15, 'Reşatbey', 0),
(117, 15, 'Sakarya', 0),
(118, 15, 'Sarıyakup', 0),
(119, 15, 'Sucuzade', 0),
(120, 15, 'Süleyman Demirel Bulv.', 0),
(121, 15, 'Sümer', 0),
(122, 15, 'Şakirpaşa', 0),
(123, 15, 'Şehitduran', 0),
(124, 15, 'Tepebağ', 0),
(125, 15, 'Toros', 0),
(126, 15, 'Turgut Özal Bulv.', 0),
(127, 15, 'Türkocağı', 0),
(128, 15, 'Uçak', 0),
(129, 15, 'Ulucami', 0),
(130, 15, 'Yarbaşı', 0),
(131, 15, 'Yarbaşı', 0),
(132, 15, 'Yeni Mahalle', 0),
(133, 15, 'Yeni Yurt', 0),
(134, 15, 'Yenibaraj', 0),
(135, 15, 'Yenibey', 0),
(136, 15, 'Yeşilevler', 0),
(137, 15, 'Yeşiloba', 0),
(138, 15, 'Yeşilyurt', 0),
(139, 15, 'Yeşilyuva', 0),
(140, 15, 'Yurt', 0),
(141, 15, 'Ziyapaşa', 0),
(142, 16, 'Merkez', 1),
(143, 17, 'Merkez', 1),
(144, 18, '19 Mayıs', 0),
(145, 18, 'Abdioğlu', 0),
(146, 18, 'Akdeniz', 0),
(147, 18, 'Akıncılar', 0),
(148, 18, 'Atakent', 0),
(149, 18, 'Bahçelievler', 0),
(150, 18, 'Başak', 0),
(151, 18, 'Buruk', 0),
(152, 18, 'Cumhuriyet', 0),
(153, 18, 'Çamlıbel', 0),
(154, 18, 'Çelemli', 0),
(155, 18, 'Dadaloğlu', 0),
(156, 18, 'Dedekorkut', 0),
(157, 18, 'Dervişler', 0),
(158, 18, 'Doğankent', 0),
(159, 18, 'Geçitli', 0),
(160, 18, 'Güneşli', 0),
(161, 18, 'Güzelevler', 0),
(162, 18, 'Havutlu', 0),
(163, 18, 'Haydaroğlu', 0),
(164, 18, 'İncirlik', 0),
(165, 18, 'Karacaoğlan', 0),
(166, 18, 'Kazımkarabekir', 0),
(167, 18, 'Kışla', 0),
(168, 18, 'Kiremithane', 0),
(169, 18, 'Koza', 0),
(170, 18, 'Köprülü', 0),
(171, 18, 'Kürkçüler', 0),
(172, 18, 'Levent', 0),
(173, 18, 'M.Akif Ersoy', 0),
(174, 18, 'Merkez', 1),
(175, 18, 'Özgür', 0),
(176, 18, 'P.T.T. Evleri', 0),
(177, 18, 'R.Oğuz Arık', 0),
(178, 18, 'Sarıçam', 0),
(179, 18, 'Selahattin Eyyubi', 0),
(180, 18, 'Serinevler', 0),
(181, 18, 'Seyhan', 0),
(182, 18, 'Sinanpaşa', 0),
(183, 18, 'Sofulu', 0),
(184, 18, 'Solaklı', 0),
(185, 18, 'Suluca', 0),
(186, 18, 'Şehit Erkut Akbay', 0),
(187, 18, 'Tahsilli', 0),
(188, 18, 'Ulubatlı Hasan', 0),
(189, 18, 'Yakapınar', 0),
(190, 18, 'Yamaçlı', 0),
(191, 18, 'Yavuzlar', 0),
(192, 18, 'Yenidoğan', 0),
(193, 18, 'Yeşil Bağlar', 0),
(194, 18, 'Yıldırım Beyazıt', 0),
(195, 18, 'Yunus Emre', 0),
(196, 18, 'Yunusoğlu', 0),
(197, 19, 'Çakırhüyük', 0),
(198, 19, 'Eskiköy', 0),
(199, 19, 'Köseceli', 0),
(200, 19, 'Merkez', 1),
(201, 19, 'Sarıyaprak', 0),
(202, 19, 'Şambayat', 0),
(203, 19, 'Şuvarlı', 0),
(204, 19, 'Üçgöz', 0),
(205, 20, 'Merkez', 1),
(206, 20, 'Pınarbaşı', 0),
(207, 21, 'Merkez', 1),
(208, 22, 'Balkar', 0),
(209, 22, 'Belören', 0),
(210, 22, 'Harmanlı', 0),
(211, 22, 'Merkez', 1),
(212, 23, 'Akıncılar', 0),
(213, 23, 'Bölükyayla', 0),
(214, 23, 'Merkez', 1),
(215, 24, 'Merkez', 1),
(216, 25, 'İnlice', 0),
(217, 25, 'Merkez', 1),
(218, 26, 'Merkez', 1),
(219, 27, 'Merkez', 1),
(220, 27, 'Yaka', 0),
(221, 28, 'Merkez', 1),
(222, 29, 'Büyükkarabağ', 0),
(223, 29, 'Dişli', 0),
(224, 29, 'Kemerkaya', 0),
(225, 29, 'Merkez', 1),
(226, 29, 'Özburun', 0),
(227, 30, 'Akkonak', 0),
(228, 30, 'Deresinek', 0),
(229, 30, 'Eber', 0),
(230, 30, 'İnli', 0),
(231, 30, 'Karacaören', 0),
(232, 30, 'Karamık', 0),
(233, 30, 'Koçbeyli', 0),
(234, 30, 'Merkez', 1),
(235, 30, 'Pazarağaç', 0),
(236, 31, 'Kocaöz', 0),
(237, 31, 'Merkez', 1),
(238, 32, 'Merkez', 1),
(239, 32, 'Yüreğil', 0),
(240, 33, 'Çiçektepe', 0),
(241, 33, 'Doğanlı', 0),
(242, 33, 'Haydarlı', 0),
(243, 33, 'İncesu', 0),
(244, 33, 'Kadılar', 0),
(245, 33, 'Kınık', 0),
(246, 33, 'Merkez', 1),
(247, 33, 'Tatarlı', 0),
(248, 33, 'Uluköy', 0),
(249, 33, 'Yıprak', 0),
(250, 34, 'Adayazı', 0),
(251, 34, 'Aşağıpiribeyli', 0),
(252, 34, 'Bademli', 0),
(253, 34, 'Davulga', 0),
(254, 34, 'Emirdağ', 0),
(255, 34, 'Gömü', 0),
(256, 34, 'Merkez', 1),
(257, 35, 'Gökçek', 0),
(258, 35, 'Merkez', 1),
(259, 36, 'Merkez', 1),
(260, 36, 'Yeşilhisar', 0),
(261, 37, 'Ayazini', 0),
(262, 37, 'Bozhüyük', 0),
(263, 37, 'Döğer', 0),
(264, 37, 'Gazlıgöl', 0),
(265, 37, 'Gazlıgölakören', 0),
(266, 37, 'Karacaahmet', 0),
(267, 37, 'Kayıhan', 0),
(268, 37, 'Merkez', 1),
(269, 37, 'Yaylabağı', 0),
(270, 38, 'Alanyurt', 0),
(271, 38, 'İscehisar', 0),
(272, 38, 'Seydiler', 0),
(273, 39, 'Merkez', 1),
(274, 40, 'Anıtkaya', 0),
(275, 40, 'Beyyazı', 0),
(276, 40, 'Büyükkalecik', 0),
(277, 40, 'Çayırbağ', 0),
(278, 40, 'Değirmenayvalı', 0),
(279, 40, 'Erkmen', 0),
(280, 40, 'Gebeceler', 0),
(281, 40, 'Işıklar', 0),
(282, 40, 'Merkez', 1),
(283, 40, 'Nuribey', 0),
(284, 40, 'Salar', 0),
(285, 40, 'Susuz', 0),
(286, 40, 'Sülümenli', 0),
(287, 40, 'Sülün', 0),
(288, 41, 'Akharım', 0),
(289, 41, 'Ballık', 0),
(290, 41, 'Başağaç', 0),
(291, 41, 'Karadirek', 0),
(292, 41, 'Kızık', 0),
(293, 41, 'Kusura', 0),
(294, 41, 'Menteş', 0),
(295, 41, 'Merkez', 1),
(296, 41, 'Örenkaya', 0),
(297, 41, 'Sorkun', 0),
(298, 41, 'Yavaşlar', 0),
(299, 42, 'Ahmetpaşa', 0),
(300, 42, 'Akören', 0),
(301, 42, 'Düzağaç', 0),
(302, 42, 'Güney', 0),
(303, 42, 'Kılıçarslan', 0),
(304, 42, 'Küçükhüyük', 0),
(305, 42, 'Merkez', 1),
(306, 42, 'Nuh', 0),
(307, 42, 'Taşoluk', 0),
(308, 42, 'Tınaztepe', 0),
(309, 42, 'Tokuşlar', 0),
(310, 43, 'Merkez', 1),
(311, 44, 'Dereçine', 0),
(312, 44, 'Karapınar', 0),
(313, 44, 'Kırca', 0),
(314, 44, 'Merkez', 1),
(315, 44, 'Üçkuyu', 0),
(316, 44, 'Yakasinek', 0),
(317, 44, 'Yeşilçiftlik', 0),
(318, 45, 'Atlıhisar', 0),
(319, 45, 'Balçıkhisar', 0),
(320, 45, 'Efe', 0),
(321, 45, 'Karaadilli', 0),
(322, 45, 'Karacaören', 0),
(323, 45, 'Merkez', 1),
(324, 46, 'Merkez', 1),
(325, 47, 'Merkez', 1),
(326, 48, 'Merkez', 1),
(327, 48, 'Tahir', 0),
(328, 48, 'Yayladüzü', 0),
(329, 48, 'Yücekapı', 0),
(330, 49, 'Merkez', 1),
(331, 50, 'Ağrı', 0),
(332, 51, 'Dedeli', 0),
(333, 51, 'Merkez', 1),
(334, 51, 'Merkez', 1),
(335, 52, 'Merkez', 1),
(336, 53, 'Merkez', 1),
(337, 54, 'Bekarlar', 0),
(338, 54, 'Demirci', 0),
(339, 54, 'Merkez', 1),
(340, 54, 'Saratlı', 0),
(341, 54, 'Sofular', 0),
(342, 55, 'Güzelyurt', 0),
(343, 55, 'Ihlara', 0),
(344, 55, 'Ilısu', 0),
(345, 55, 'Merkez', 1),
(346, 55, 'Selime', 0),
(347, 56, 'Acıpınar', 0),
(348, 56, 'Akçakent', 0),
(349, 56, 'Aksaray', 0),
(350, 56, 'Altınkaya', 0),
(351, 56, 'Aratol', 0),
(352, 56, 'Armutlu', 0),
(353, 56, 'Bağlıkaya', 0),
(354, 56, 'Doğantarla', 0),
(355, 56, 'Hamidiye', 0),
(356, 56, 'Helvadere', 0),
(357, 56, 'İncesu', 0),
(358, 56, 'Karkın', 0),
(359, 56, 'Kutlu', 0),
(360, 56, 'Sağlık', 0),
(361, 56, 'Sarayhan', 0),
(362, 56, 'Sevinçli', 0),
(363, 56, 'Sultanhanı', 0),
(364, 56, 'Taşpınar', 0),
(365, 56, 'Topakkaya', 0),
(366, 56, 'Ulukışla', 0),
(367, 56, 'Yenikent', 0),
(368, 56, 'Yeşilova', 0),
(369, 56, 'Yeşiltepe', 0),
(370, 56, 'Yuva', 0),
(371, 57, 'Balcı', 0),
(372, 57, 'Bozkır', 0),
(373, 57, 'Çiftevi', 0),
(374, 57, 'Devedamı', 0),
(375, 57, 'Harmandalı', 0),
(376, 57, 'Merkez', 1),
(377, 57, 'Merkez', 1),
(378, 57, 'Ozancık', 0),
(379, 57, 'Sarıkaraman', 0),
(380, 58, 'Boğazköy', 0),
(381, 58, 'Merkez', 1),
(382, 59, 'Damlaçimen', 0),
(383, 59, 'Gediksaray', 0),
(384, 59, 'Merkez', 1),
(385, 60, 'Gümüş', 0),
(386, 60, 'Merkez', 1),
(387, 61, 'Merkez', 1),
(388, 62, 'Amasya', 0),
(389, 62, 'Aydınca', 0),
(390, 62, 'Doğantepe', 0),
(391, 62, 'Ezinepazar', 0),
(392, 62, 'Merkez', 1),
(393, 62, 'Uygur', 0),
(394, 62, 'Yassıçal', 0),
(395, 62, 'Yeşilyenice', 0),
(396, 62, 'Ziyaret', 0),
(397, 63, 'Kayadüzü', 0),
(398, 63, 'Merkez', 1),
(399, 64, 'Eraslan', 0),
(400, 64, 'Merkez', 1),
(401, 65, 'Akınoğlu', 0),
(402, 65, 'Alpaslan', 0),
(403, 65, 'Ballıdere', 0),
(404, 65, 'Belevi', 0),
(405, 65, 'Boraboy', 0),
(406, 65, 'Çaydibi', 0),
(407, 65, 'Destek', 0),
(408, 65, 'Esençay', 0),
(409, 65, 'Merkez', 1),
(410, 65, 'Uluköy', 0),
(411, 66, 'Merkez', 1),
(412, 67, 'Balıkhisar', 0),
(413, 67, 'Büğdüz Köyü', 0),
(414, 67, 'Çınar', 0),
(415, 67, 'Güzelhisar', 0),
(416, 67, 'Merkez', 1),
(417, 67, 'Saracalar', 0),
(418, 68, 'Altınova', 0),
(419, 68, 'Aydınlıkevler', 0),
(420, 68, 'Merkez', 1),
(421, 68, 'Sanayi', 0),
(422, 68, 'Siteler', 0),
(423, 68, 'Ulubey', 0),
(424, 68, 'Ulus', 0),
(425, 69, 'Akkaya', 0),
(426, 69, 'Bayat', 0),
(427, 69, 'Bayram', 0),
(428, 69, 'Çanıllı', 0),
(429, 69, 'Feruz', 0),
(430, 69, 'Gençali', 0),
(431, 69, 'Ilıca', 0),
(432, 69, 'İlhan', 0),
(433, 69, 'Karadere', 0),
(434, 69, 'Merkez', 1),
(435, 69, 'Oltan', 0),
(436, 69, 'Ortabereket', 0),
(437, 69, 'Pınaryaka', 0),
(438, 69, 'Sinanlı', 0),
(439, 69, 'Uğurçayırı', 0),
(440, 69, 'Yağmurdede', 0),
(441, 70, 'Afşar', 0),
(442, 70, 'Karaali', 0),
(443, 70, 'Kesikköprü', 0),
(444, 70, 'Merkez', 1),
(445, 71, 'Hıdırlık Tepesi', 0),
(446, 71, 'İmaret Meydanı', 0),
(447, 71, 'İncikuzu Vadisi Yolu', 0),
(448, 71, 'Karaşar', 0),
(449, 71, 'Kırbaşı', 0),
(450, 71, 'Kumsuren Cami', 0),
(451, 71, 'Kurşunlu Cami', 0),
(452, 71, 'Merkez', 1),
(453, 71, 'Pazar Yeri', 0),
(454, 71, 'Taş Mektep', 0),
(455, 71, 'Uruş', 0),
(456, 72, 'Bardakçılar', 0),
(457, 72, 'Çamlıdere Yay.', 0),
(458, 72, 'Dereli', 0),
(459, 72, 'Göçer Mah.', 0),
(460, 72, 'Pazar Ç.', 0),
(461, 72, 'Peçenek', 0),
(462, 72, 'Üreğil', 0),
(463, 73, '100. Yıl', 0),
(464, 73, 'A. Ayrancı', 0),
(465, 73, 'Akay', 0),
(466, 73, 'Alkazar Evleri', 0),
(467, 73, 'Anıttepe', 0),
(468, 73, 'Ankara Yatırım Merkezi', 0),
(469, 73, 'Aşağıayrancı', 0),
(470, 73, 'Ata Sanayi', 0),
(471, 73, 'Atatürk Bulvarı', 0),
(472, 73, 'Bahçelievler', 0),
(473, 73, 'Bakanlıklar', 0),
(474, 73, 'Balgat', 0),
(475, 73, 'Başkent', 0),
(476, 73, 'Beğendik - Kocatepe', 0),
(477, 73, 'Beşevler', 0),
(478, 73, 'Beştepe Mah.', 0),
(479, 73, 'Beykent', 0),
(480, 73, 'Beysukent', 0),
(481, 73, 'Beytepe', 0),
(482, 73, 'Bilkent', 0),
(483, 73, 'Bilkent Ankuva', 0),
(484, 73, 'Bilkent Plaza', 0),
(485, 73, 'Bilkent Üniversitesi', 0),
(486, 73, 'Birlik Mah.', 0),
(487, 73, 'Bulvar', 0),
(488, 73, 'Bülbüldere', 0),
(489, 73, 'Cebeci', 0),
(490, 73, 'Cinnah', 0),
(491, 73, 'Çarşı-Bahçelievler', 0),
(492, 73, 'Çetin Emeç Bulvarı', 0),
(493, 73, 'Çiğdem Mah.', 0),
(494, 73, 'Çukurambar', 0),
(495, 73, 'Demirtepe', 0),
(496, 73, 'Dikimevi', 0),
(497, 73, 'Dikmen', 0),
(498, 73, 'Emek', 0),
(499, 73, 'Farabi', 0),
(500, 73, 'G.Osmanpaşa', 0),
(501, 73, 'Gazi Üniversitesi', 0),
(502, 73, 'Gaziosmanpaşa', 0),
(503, 73, 'Gençlik Cad.', 0),
(504, 73, 'Gökdelen', 0),
(505, 73, 'Güvenevler', 0),
(506, 73, 'Hacettepe', 0),
(507, 73, 'Hilal', 0),
(508, 73, 'Hoşdere', 0),
(509, 73, 'İbnisina', 0),
(510, 73, 'İlbank Blokları', 0),
(511, 73, 'İlker Mah.', 0),
(512, 73, 'İncek', 0),
(513, 73, 'İncesu', 0),
(514, 73, 'Karakusunlar', 0),
(515, 73, 'Karataş', 0),
(516, 73, 'Karum', 0),
(517, 73, 'Kavaklıdere', 0),
(518, 73, 'Keklikpınarı', 0),
(519, 73, 'Kırkkonaklar', 0),
(520, 73, 'Kızılay', 0),
(521, 73, 'Kolej', 0),
(522, 73, 'Köroğlu', 0),
(523, 73, 'Küçükesat', 0),
(524, 73, 'Küçükevler', 0),
(525, 73, 'Maltepe', 0),
(526, 73, 'Mebus Evleri', 0),
(527, 73, 'Menkul Kıymetler', 0),
(528, 73, 'Merkez', 1),
(529, 73, 'Mesa Sitesi', 0),
(530, 73, 'Meşrutiyet', 0),
(531, 73, 'Mithatpaşa', 0),
(532, 73, 'Mustafa Kemal Mah.', 0),
(533, 73, 'Mühye Köyü', 0),
(534, 73, 'Necatibey', 0),
(535, 73, 'Nenehatun', 0),
(536, 73, 'O.D.T.Ü.', 0),
(537, 73, 'OR-AN Sitesi', 0),
(538, 73, 'Oran', 0),
(539, 73, 'Oran-Yıldız', 0),
(540, 73, 'Öveçler', 0),
(541, 73, 'Park Manzara Evleri', 0),
(542, 73, 'Sancak', 0),
(543, 73, 'Saracoğlu', 0),
(544, 73, 'Sefaretler', 0),
(545, 73, 'Seyranbağları', 0),
(546, 73, 'Sıhhiye', 0),
(547, 73, 'Tandoğan', 0),
(548, 73, 'Topraklık', 0),
(549, 73, 'TRT Sitesi', 0),
(550, 73, 'Tunalı Hilmi', 0),
(551, 73, 'Tunus Cad.', 0),
(552, 73, 'Turan Güneş Bulv.', 0),
(553, 73, 'Ümitköy', 0),
(554, 73, 'Vadi Konutları 2. Etap', 0),
(555, 73, 'Y.Ayrancı', 0),
(556, 73, 'Yakupabdal', 0),
(557, 73, 'Yenişehir', 0),
(558, 73, 'Yeşiltepe', 0),
(559, 73, 'Yıldız', 0),
(560, 73, 'Yıldızevler', 0),
(561, 73, 'Yukarı Ayrancı', 0),
(562, 73, 'Yüzüncüyıl', 0),
(563, 73, 'Ziya Gökalp', 0),
(564, 74, 'Ağılcık', 0),
(565, 74, 'Akkuzulu', 0),
(566, 74, 'Aşağı Çavundur', 0),
(567, 74, 'Dumlupınar', 0),
(568, 74, 'Esenboğa', 0),
(569, 74, 'Esenboğa', 0),
(570, 74, 'Güldarbı', 0),
(571, 74, 'Merkez', 1),
(572, 74, 'Sirkeli', 0),
(573, 74, 'Sirkeli', 0),
(574, 74, 'Yenice', 0),
(575, 74, 'Yukarı Çavundur', 0),
(576, 75, 'Hasanoğlan', 0),
(577, 75, 'Lalahan', 0),
(578, 75, 'Merkez', 1),
(579, 75, 'Yeşildere', 0),
(580, 76, 'Elvankent', 0),
(581, 76, 'Eryaman', 0),
(582, 76, 'Merkez', 1),
(583, 76, 'Oto Sanayi Sit.', 0),
(584, 76, 'Şaşmaz', 0),
(585, 77, 'Altınbaşak', 0),
(586, 77, 'Cebirli', 0),
(587, 77, 'Çatalpınar', 0),
(588, 77, 'Demirayak', 0),
(589, 77, 'İbrahimbeyli', 0),
(590, 77, 'İncebeyli', 0),
(591, 77, 'Merkez', 1),
(592, 77, 'Solakuşağı', 0),
(593, 77, 'Torunobası', 0),
(594, 77, 'Yusufuşağı', 0),
(595, 78, 'Ege Serbest Bölge', 0),
(596, 78, 'Merkez', 1),
(597, 78, 'Yıldız', 0),
(598, 78, 'Yukarı Ayrancı', 0),
(599, 79, 'Bahçelievler', 0),
(600, 79, 'Bezirhane', 0),
(601, 79, 'Çayırlı', 0),
(602, 79, 'Günalan', 0),
(603, 79, 'Hacıhasan', 0),
(604, 79, 'Hacılar', 0),
(605, 79, 'Hacımuratlı', 0),
(606, 79, 'Hallaçlı', 0),
(607, 79, 'İncek', 0),
(608, 79, 'Karagedik', 0),
(609, 79, 'Karaoğlan', 0),
(610, 79, 'Karşıyaka', 0),
(611, 79, 'Kızılcoşar', 0),
(612, 79, 'Koparan', 0),
(613, 79, 'Merkez', 1),
(614, 79, 'Oğulbey', 0),
(615, 79, 'Oyaca', 0),
(616, 79, 'Örencik', 0),
(617, 79, 'Seğmenler', 0),
(618, 79, 'Selametli', 0),
(619, 79, 'Subaşı', 0),
(620, 79, 'Taşpınar', 0),
(621, 79, 'Topaklı', 0),
(622, 79, 'Tulumtaş', 0),
(623, 79, 'Velihimmetli', 0),
(624, 79, 'Yavrucak', 0),
(625, 79, 'Yaylabağ', 0),
(626, 79, 'Yurtbeyi', 0),
(627, 80, 'Çağa', 0),
(628, 80, 'Merkez', 1),
(629, 80, 'Sorgun', 0),
(630, 80, 'Yeşilöz', 0),
(631, 81, 'Altıpınar', 0),
(632, 81, 'Ataköy', 0),
(633, 81, 'Balçıkhisar', 0),
(634, 81, 'Bumsuz', 0),
(635, 81, 'Culuk', 0),
(636, 81, 'Çalış', 0),
(637, 81, 'Emirler', 0),
(638, 81, 'Kerpiçköy', 0),
(639, 81, 'Merkez', 1),
(640, 81, 'Oyaca', 0),
(641, 81, 'Sarıgöl', 0),
(642, 81, 'Sinanlı', 0),
(643, 81, 'Yenice', 0),
(644, 81, 'Yurtbeyli', 0),
(645, 82, 'Merkez', 1),
(646, 83, 'Akçaören', 0),
(647, 83, 'Dutözü', 0),
(648, 83, 'Güvenç', 0),
(649, 83, 'İnceğiz', 0),
(650, 83, 'İne', 0),
(651, 83, 'Kılıçlar', 0),
(652, 83, 'Kınık', 0),
(653, 83, 'Merkez', 1),
(654, 83, 'Örencik', 0),
(655, 83, 'Soğulcak', 0),
(656, 83, 'Tekke', 0),
(657, 83, 'Yakupderviş', 0),
(658, 84, 'Aktepe', 0),
(659, 84, 'Altındağ', 0),
(660, 84, 'Bağlum', 0),
(661, 84, 'Etlik', 0),
(662, 84, 'Gazino', 0),
(663, 84, 'İncirli', 0),
(664, 84, 'Kalaba', 0),
(665, 84, 'Kızlarpınarı Cad.', 0),
(666, 84, 'Merkez', 1),
(667, 84, 'Pursaklar', 0),
(668, 84, 'Sanatoryum', 0),
(669, 84, 'Sarayköy', 0),
(670, 84, 'Ufaktepe', 0),
(671, 85, 'Akdoğan', 0),
(672, 85, 'Çalta', 0),
(673, 85, 'Çeltikçi', 0),
(674, 85, 'Çırpan', 0),
(675, 85, 'Güvem', 0),
(676, 85, 'Kınık', 0),
(677, 85, 'Kırkırca', 0),
(678, 85, 'Kırköy', 0),
(679, 85, 'Kızılcaören', 0),
(680, 85, 'Kurumcu', 0),
(681, 85, 'Merkez', 1),
(682, 85, 'Örencik', 0),
(683, 85, 'Uğurlu', 0),
(684, 85, 'Yanık', 0),
(685, 86, 'Abidinpaşa', 0),
(686, 86, 'Akdere', 0),
(687, 86, 'Bayındır', 0),
(688, 86, 'Boğaziçi', 0),
(689, 86, 'Demirciler Sitesi', 0),
(690, 86, 'Demirlibahçe', 0),
(691, 86, 'Gökçeyurt', 0),
(692, 86, 'Gülveren', 0),
(693, 86, 'İmrahor', 0),
(694, 86, 'Kayaş', 0),
(695, 86, 'Kıbrıs', 0),
(696, 86, 'Kutludüğün', 0),
(697, 86, 'Merkez', 1),
(698, 86, 'Saimekadın', 0),
(699, 86, 'Tuzluçayır', 0),
(700, 87, 'Bozkaya', 0),
(701, 87, 'Çamalan', 0),
(702, 87, 'Çayırhan', 0),
(703, 87, 'Eymir', 0),
(704, 87, 'Merkez', 1),
(705, 87, 'Osmanköy', 0),
(706, 87, 'Sarıyar', 0),
(707, 87, 'Sobran', 0),
(708, 88, 'Babayakup', 0),
(709, 88, 'Basri', 0),
(710, 88, 'Beyobası', 0),
(711, 88, 'Çanakçı', 0),
(712, 88, 'E.köseler', 0),
(713, 88, 'Gedikli', 0),
(714, 88, 'Gündoğan', 0),
(715, 88, 'Hacımuslu', 0),
(716, 88, 'Hacıtuğrul', 0),
(717, 88, 'İğciler', 0),
(718, 88, 'Karailyas', 0),
(719, 88, 'Karakuyu', 0),
(720, 88, 'Kargalı', 0),
(721, 88, 'Kuşcu', 0),
(722, 88, 'Macun', 0),
(723, 88, 'Malıköy', 0),
(724, 88, 'Merkez', 1),
(725, 88, 'Olukpınar', 0),
(726, 88, 'Poyraz', 0),
(727, 88, 'Sakarya', 0),
(728, 88, 'Sarıhalil', 0),
(729, 88, 'Taşpınar', 0),
(730, 88, 'Tatlıkuyu', 0),
(731, 88, 'Temelli', 0),
(732, 88, 'Ücret', 0),
(733, 88, 'Üçpınar', 0),
(734, 88, 'Yenidoğan', 0),
(735, 88, 'Yenimehmetli', 0),
(736, 89, 'Fatih', 0),
(737, 89, 'Merkez', 1),
(738, 89, 'Organize San. Böl.', 0),
(739, 89, 'Yenikent', 0),
(740, 90, 'Çalören', 0),
(741, 90, 'Devekovan', 0),
(742, 90, 'Gülhüyük', 0),
(743, 90, 'Haydarlı', 0),
(744, 90, 'Merkez', 1),
(745, 91, 'A.O.Ç.', 0),
(746, 91, 'Akın Cad.', 0),
(747, 91, 'Angora', 0),
(748, 91, 'Angora Evleri', 0),
(749, 91, 'Batıkent', 0),
(750, 91, 'Çayyolu 1', 0),
(751, 91, 'Çayyolu 2', 0),
(752, 91, 'Demetevler', 0),
(753, 91, 'Emekevler Sitesi', 0),
(754, 91, 'Ergazi', 0),
(755, 91, 'Gazimahallesi', 0),
(756, 91, 'Gimat', 0),
(757, 91, 'Hacettepe Üni. Beytepe', 0),
(758, 91, 'İvedik Köyü', 0),
(759, 91, 'Karşıyaka', 0),
(760, 91, 'Konutkent 1', 0),
(761, 91, 'Konutkent 2', 0),
(762, 91, 'Macunköy', 0),
(763, 91, 'Merkez', 1),
(764, 91, 'Mesakoru', 0),
(765, 91, 'Ostim', 0),
(766, 91, 'Oto Tam.San.Sit.', 0),
(767, 91, 'Platin Evler', 0),
(768, 91, 'Söğütözü', 0),
(769, 91, 'Şehit Ali Köyü', 0),
(770, 91, 'Ümitköy', 0),
(771, 92, 'Akşahap', 0),
(772, 92, 'Bademli', 0),
(773, 92, 'Cevizli', 0),
(774, 92, 'Geriş', 0),
(775, 92, 'Güçlüköy', 0),
(776, 92, 'Güzelsu', 0),
(777, 92, 'Kepez', 0),
(778, 92, 'Kuyucak', 0),
(779, 92, 'Merkez', 1),
(780, 92, 'Süleymaniye', 0),
(781, 92, 'Yarpuz', 0),
(782, 93, 'Altınkum', 0),
(783, 93, 'Avsallar', 0),
(784, 93, 'Cikcilli', 0),
(785, 93, 'Çıplaklı', 0),
(786, 93, 'Demirtaş', 0),
(787, 93, 'Demirtaş', 0),
(788, 93, 'Emişbeleni', 0),
(789, 93, 'Güzelbağ', 0),
(790, 93, 'Kargıcak', 0),
(791, 93, 'Kestel', 0),
(792, 93, 'Konaklı', 0),
(793, 93, 'Mahmutlar', 0),
(794, 93, 'Merkez', 1),
(795, 93, 'Oba', 0),
(796, 93, 'Okurcalar', 0),
(797, 93, 'Payallar', 0),
(798, 93, 'Tosmur', 0),
(799, 93, 'Türkler', 0),
(800, 93, 'Yeşilköy', 0),
(801, 94, 'Çakırlar', 0),
(802, 95, 'Akçay', 0),
(803, 95, 'Gölova', 0),
(804, 95, 'Merkez', 1),
(805, 95, 'Yuva', 0),
(806, 96, 'Hasyurt', 0),
(807, 96, 'Merkez', 1),
(808, 96, 'Sahilkent', 0),
(809, 96, 'Turunçova', 0),
(810, 96, 'Yeşilyurt', 0),
(811, 96, 'Yuvalılar', 0),
(812, 97, 'Kahyalar', 0),
(813, 97, 'Merkez', 1),
(814, 99, 'Köprülü', 0),
(815, 99, 'Merkez', 1),
(816, 99, 'Ortaköy', 0),
(817, 99, 'Senir', 0),
(818, 100, 'Merkez', 1),
(819, 100, 'Ormana', 0),
(820, 101, 'Beymelek', 0),
(821, 101, 'Merkez', 1),
(822, 102, 'Gömbe', 0),
(823, 102, 'Kalkan', 0),
(824, 102, 'Kınık', 0),
(825, 102, 'Merkez', 1),
(826, 102, 'Ova', 0),
(827, 102, 'Yeşilköy', 0),
(828, 103, 'Adrasan', 0),
(829, 103, 'Beldibi', 0),
(830, 103, 'Çamyuva', 0),
(831, 103, 'Göynük', 0),
(832, 103, 'Merkez', 1),
(833, 103, 'Tekirova', 0),
(834, 103, 'Turtel', 0),
(835, 104, 'Bozova', 0),
(836, 104, 'Büyükköy', 0),
(837, 104, 'Çomaklı', 0),
(838, 104, 'Kızılcadağ', 0),
(839, 104, 'Küçükköy', 0),
(840, 104, 'Merkez', 1),
(841, 104, 'Yelten', 0),
(842, 104, 'Yeşilyayla', 0),
(843, 105, 'Merkez', 1),
(844, 106, 'Adrasan', 0),
(845, 106, 'Altınkaya', 0),
(846, 106, 'Beykonak', 0),
(847, 106, 'Çavuşköy', 0),
(848, 106, 'Mavikent', 0),
(849, 106, 'Merkez', 1),
(850, 107, 'Merkez', 1),
(851, 108, 'Beşkonak', 0),
(852, 108, 'Çolaklı', 0),
(853, 108, 'Evrenseki', 0),
(854, 108, 'Gündoğdu', 0),
(855, 108, 'Ilıca', 0),
(856, 108, 'Kızılot', 0),
(857, 108, 'Merkez', 1),
(858, 108, 'Oymapınar', 0),
(859, 108, 'Sarılar', 0),
(860, 108, 'Side', 0),
(861, 108, 'Taşağıl', 0),
(862, 109, 'Aksu', 0),
(863, 109, 'Bademağacı', 0),
(864, 109, 'Bahçelievler', 0),
(865, 109, 'Çakırlar', 0),
(866, 109, 'Çalkaya', 0),
(867, 109, 'Çığlık', 0),
(868, 109, 'Dağ', 0),
(869, 109, 'Dağbeli', 0),
(870, 109, 'Doyran', 0),
(871, 109, 'Döşemealtı', 0),
(872, 109, 'Düzlerçamı', 0),
(873, 109, 'Ekşili', 0),
(874, 109, 'Fener', 0),
(875, 109, 'Güllük', 0),
(876, 109, 'Karaöz', 0),
(877, 109, 'Karaveliler', 0),
(878, 109, 'Kepez', 0),
(879, 109, 'Konyaaltı', 0),
(880, 109, 'Kurşunlu', 0),
(881, 109, 'Lara', 0),
(882, 109, 'Merkez', 1),
(883, 109, 'Muratpaşa', 0),
(884, 109, 'Pınarlı', 0),
(885, 109, 'Varsak', 0),
(886, 109, 'Yeşilbayır', 0),
(887, 109, 'Yurtpınar', 0),
(888, 110, 'Abdurrahmanlar', 0),
(889, 110, 'Belek', 0),
(890, 110, 'Belkıs', 0),
(891, 110, 'Boğazkent', 0),
(892, 110, 'Çandır', 0),
(893, 110, 'Gebiz', 0),
(894, 110, 'Kadriye', 0),
(895, 110, 'Karadayı', 0),
(896, 110, 'Merkez', 1),
(897, 110, 'Yukarıkocayatak', 0),
(898, 111, 'Aşıkşenlik', 0),
(899, 111, 'Merkez', 1),
(900, 112, 'Merkez', 1),
(901, 113, 'Köprülü', 0),
(902, 113, 'Merkez', 1),
(903, 114, 'Merkez', 1),
(904, 114, 'Ortakent', 0),
(905, 115, 'Ardahan', 0),
(906, 115, 'Merkez', 1),
(907, 116, 'Merkez', 1),
(908, 117, 'Merkez', 1),
(909, 118, 'Merkez', 1),
(910, 119, 'Merkez', 1),
(911, 120, 'Kemalpaşa', 0),
(912, 120, 'Merkez', 1),
(913, 121, 'Artvin', 0),
(914, 122, 'Damar', 0),
(915, 122, 'Merkez', 1),
(916, 123, 'Merkez', 1),
(917, 123, 'Meydancık', 0),
(918, 124, 'Kılıçkaya', 0),
(919, 124, 'Merkez', 1),
(920, 124, 'Yusufeli', 0),
(921, 125, 'Merkez', 1),
(922, 125, 'Yazıkent', 0),
(923, 126, 'Merkez', 1),
(924, 127, 'Akçaova', 0),
(925, 127, 'Merkez', 1),
(926, 128, 'Merkez', 1),
(927, 129, 'Akbük', 0),
(928, 129, 'Akyeniköy', 0),
(929, 129, 'Merkez', 1),
(930, 130, 'Hıdırbeyli', 0),
(931, 130, 'Merkez', 1),
(932, 130, 'Mursallı', 0),
(933, 130, 'Ortaklar', 0),
(934, 131, 'Merkez', 1),
(935, 132, 'Merkez', 1),
(936, 133, 'Acarlar', 0),
(937, 133, 'Merkez', 1),
(938, 134, 'Merkez', 1),
(939, 135, 'Ataeymir', 0),
(940, 135, 'Geyre', 0),
(941, 135, 'Merkez', 1),
(942, 135, 'Yenice', 0),
(943, 136, 'Merkez', 1),
(944, 137, 'Bıyıklı', 0),
(945, 137, 'Merkez', 1),
(946, 137, 'Yeniköy', 0),
(947, 138, 'Davutlar', 0),
(948, 138, 'Güzelçamlı', 0),
(949, 138, 'Merkez', 1),
(950, 139, 'Başaran', 0),
(951, 139, 'Horsunlu', 0),
(952, 139, 'Kurtuluş', 0),
(953, 139, 'Merkez', 1),
(954, 139, 'Pamukören', 0),
(955, 139, 'Yamalak', 0),
(956, 139, 'Yamalak', 0),
(957, 140, 'Çaştepe', 0),
(958, 140, 'Dalama', 0),
(959, 140, 'Merkez', 1),
(960, 140, 'Ovaeymir', 0),
(961, 140, 'Tepecik', 0),
(962, 140, 'Umurlu', 0),
(963, 141, 'Arslanlı', 0),
(964, 141, 'İsabeyli', 0),
(965, 141, 'Merkez', 1),
(966, 141, 'Pirlibey', 0),
(967, 142, 'Merkez', 1),
(968, 143, 'Atburgazı', 0),
(969, 143, 'Bağarası', 0),
(970, 143, 'Güllübahçe', 0),
(971, 143, 'Merkez', 1),
(972, 143, 'Sarıkemer', 0),
(973, 143, 'Savuca', 0),
(974, 143, 'Sazlı', 0),
(975, 143, 'Söke', 0),
(976, 143, 'Yenidoğan', 0),
(977, 144, 'Atça', 0),
(978, 144, 'Merkez', 1),
(979, 144, 'Salavatlı', 0),
(980, 145, 'Merkez', 1),
(981, 146, 'Merkez', 1),
(982, 147, 'Altınoluk', 0),
(983, 147, 'Merkez', 1),
(984, 148, 'Altınova', 0),
(985, 148, 'Badavut', 0),
(986, 148, 'Cunda Adası', 0),
(987, 148, 'Küçükköy', 0),
(988, 148, 'Merkez', 1),
(989, 148, 'Sarımsaklı', 0),
(990, 149, 'Merkez', 1),
(991, 149, 'Şifa', 0),
(992, 150, 'Aksakal', 0),
(993, 150, 'Edincik', 0),
(994, 150, 'Merkez', 1),
(995, 151, 'İskele', 0),
(996, 151, 'Merkez', 1),
(997, 152, 'Merkez', 1),
(998, 152, 'Pelitköy', 0),
(999, 153, 'Merkez', 1),
(1000, 154, 'Akçay', 0),
(1001, 154, 'Altınoluk', 0),
(1002, 154, 'Güre', 0),
(1003, 154, 'Kadıköy', 0),
(1004, 154, 'Merkez', 1),
(1005, 154, 'Zeytinli', 0),
(1006, 155, 'Karşıyaka', 0),
(1007, 155, 'Merkez', 1),
(1008, 155, 'Ocaklar', 0),
(1009, 156, 'Karaağaç', 0),
(1010, 156, 'Merkez', 1),
(1011, 157, 'Merkez', 1),
(1012, 157, 'Sarıköy', 0),
(1013, 158, 'Büyükdere', 0),
(1014, 158, 'Merkez', 1),
(1015, 159, 'Büyükyenice', 0),
(1016, 159, 'Gökçeyazı', 0),
(1017, 159, 'Kayapa', 0),
(1018, 159, 'Korucu', 0),
(1019, 159, 'Merkez', 1),
(1020, 160, 'Merkez', 1),
(1021, 161, 'Kızıksa', 0),
(1022, 161, 'Merkez', 1),
(1023, 161, 'Salur', 0),
(1024, 162, 'Avşaadası', 0),
(1025, 162, 'Merkez', 1),
(1026, 162, 'Saraylar', 0),
(1027, 163, 'Merkez', 1),
(1028, 164, 'Bandırma', 0),
(1029, 164, 'Kocaavşar', 0),
(1030, 164, 'Pamukçu', 0),
(1031, 164, 'Şamlı', 0),
(1032, 165, 'Merkez', 1),
(1033, 165, 'Sarıbeyler', 0),
(1034, 166, 'Gölcük', 0),
(1035, 166, 'Merkez', 1),
(1036, 166, 'Yaylabayır', 0),
(1037, 166, 'Yüreğil', 0),
(1038, 167, 'Göbel', 0),
(1039, 167, 'Karapürçek', 0),
(1040, 167, 'Merkez', 1),
(1041, 168, 'Merkez', 1),
(1042, 169, 'Merkez', 1),
(1043, 170, 'Arıt', 0),
(1044, 170, 'Bartın', 0),
(1045, 170, 'Hasankadı', 0),
(1046, 170, 'Kozcağız', 0),
(1047, 171, 'Abdipaşa', 0),
(1048, 171, 'Kumluca', 0),
(1049, 171, 'Merkez', 1),
(1050, 172, 'İkiköprü', 0),
(1051, 172, 'Merkez', 1),
(1052, 173, 'Hisar', 0),
(1053, 173, 'Kayapınar', 0),
(1054, 173, 'Merkez', 1),
(1055, 174, 'Merkez', 1),
(1056, 175, 'Bekirhan', 0),
(1057, 175, 'Merkez', 1),
(1058, 176, 'Balpınar', 0),
(1059, 176, 'Batman', 0),
(1060, 177, 'Merkez', 1),
(1061, 177, 'Yücebağ', 0),
(1062, 178, 'Merkez', 1),
(1063, 179, 'Beşpınar', 0),
(1064, 179, 'Gökçedere', 0),
(1065, 179, 'Merkez', 1),
(1066, 180, 'Akşar', 0),
(1067, 180, 'Arpalı', 0),
(1068, 180, 'Bayburt', 0),
(1069, 180, 'Çayıryolu', 0),
(1070, 180, 'Konursu', 0),
(1071, 181, 'Cihangazi', 0),
(1072, 181, 'Dodurga', 0),
(1073, 181, 'Merkez', 1),
(1074, 182, 'Merkez', 1),
(1075, 183, 'Merkez', 1),
(1076, 184, 'Bayırköy', 0),
(1077, 184, 'Bilecik', 0),
(1078, 184, 'Vezirhan', 0),
(1079, 185, 'Merkez', 1),
(1080, 186, 'Merkez', 1),
(1081, 187, 'Çaltı', 0),
(1082, 187, 'Küre', 0),
(1083, 187, 'Merkez', 1),
(1084, 188, 'Merkez', 1),
(1085, 189, 'Merkez', 1),
(1086, 190, 'Çaytepe', 0),
(1087, 190, 'Merkez', 1),
(1088, 190, 'Servi', 0),
(1089, 191, 'Merkez', 1),
(1090, 192, 'Merkez', 1),
(1091, 193, 'Bingöl', 0),
(1092, 193, 'Ilıcalar', 0),
(1093, 193, 'Sancak', 0),
(1094, 194, 'Arakonak', 0),
(1095, 194, 'Merkez', 1),
(1096, 195, 'Merkez', 1),
(1097, 196, 'Merkez', 1),
(1098, 197, 'Aydınlar', 0),
(1099, 197, 'Merkez', 1),
(1100, 198, 'Merkez', 1),
(1101, 198, 'Ovakışla', 0),
(1102, 199, 'Gölbaşı', 0),
(1103, 199, 'Günkırı', 0),
(1104, 199, 'Merkez', 1),
(1105, 200, 'Kolludere', 0),
(1106, 200, 'Merkez', 1),
(1107, 201, 'Bitlis', 0),
(1108, 201, 'Yolalan', 0),
(1109, 202, 'Kavakbaşı', 0),
(1110, 202, 'Koyunlu', 0),
(1111, 202, 'Merkez', 1),
(1112, 203, 'Merkez', 1),
(1113, 204, 'Merkez', 1),
(1114, 205, 'Merkez', 1),
(1115, 206, 'Merkez', 1),
(1116, 207, 'Ayrılık Çeşmesi', 0),
(1117, 208, 'Bolu Dağı', 0),
(1118, 209, 'Merkez', 1),
(1119, 210, 'Merkez', 1),
(1120, 211, 'Merkez', 1),
(1121, 212, 'Merkez', 1),
(1122, 213, 'Merkez', 1),
(1123, 214, 'Merkez', 1),
(1124, 215, 'Merkez', 1),
(1125, 216, 'Merkez', 1),
(1126, 217, 'Gökçesu', 0),
(1127, 217, 'Merkez', 1),
(1128, 217, 'Pazarköy', 0),
(1129, 218, 'Karacasu', 0),
(1130, 218, 'Merkez', 1),
(1131, 219, 'Merkez', 1),
(1132, 219, 'Taşkesti', 0),
(1133, 220, 'Merkez', 1),
(1134, 221, 'Merkez', 1),
(1135, 222, 'Çanaklı', 0),
(1136, 222, 'Merkez', 1),
(1137, 222, 'Yeşilbaşköy', 0),
(1138, 223, 'Merkez', 1),
(1139, 224, 'Çamlık', 0),
(1140, 224, 'Gündoğdu', 0),
(1141, 224, 'Kızılkaya', 0),
(1142, 224, 'Kocaaliler', 0),
(1143, 224, 'Merkez', 1),
(1144, 224, 'Ürkütlü', 0),
(1145, 225, 'Bayır', 0),
(1146, 225, 'Kozağacı', 0),
(1147, 225, 'Merkez', 1),
(1148, 225, 'Söğüt', 0),
(1149, 226, 'Bağsaray', 0),
(1150, 226, 'Merkez', 1),
(1151, 227, 'İbecik', 0),
(1152, 227, 'Merkez', 1),
(1153, 227, 'Yusufça', 0),
(1154, 228, 'Merkez', 1),
(1155, 229, 'Merkez', 1),
(1156, 230, 'Büğdüz', 0),
(1157, 230, 'Kozluca', 0),
(1158, 230, 'Merkez', 1),
(1159, 231, 'Beyköy', 0),
(1160, 231, 'Hasanpaşa', 0),
(1161, 231, 'Merkez', 1),
(1162, 232, 'Güney', 0),
(1163, 232, 'Merkez', 1),
(1164, 232, 'Salda', 0),
(1165, 233, 'Armutcuk', 0),
(1166, 233, 'Kınık', 0),
(1167, 233, 'Merkez', 1),
(1168, 234, 'Kurşunlu', 0),
(1169, 234, 'Küçükkumla', 0),
(1170, 234, 'Merkez', 1),
(1171, 234, 'Umurbey', 0),
(1172, 235, 'Merkez', 1),
(1173, 236, 'Merkez', 1),
(1174, 237, 'Alanyurt', 0),
(1175, 237, 'Cerrah', 0),
(1176, 237, 'Kurşunlu', 0),
(1177, 237, 'Merkez', 1),
(1178, 237, 'Tahtaköprü', 0),
(1179, 237, 'Yeniceköy', 0),
(1180, 238, 'Boyalıca', 0),
(1181, 238, 'Elbeyli', 0),
(1182, 238, 'Merkez', 1),
(1183, 239, 'Merkez', 1),
(1184, 240, 'Merkez', 1),
(1185, 241, 'Merkez', 1),
(1186, 242, 'Çaltılıbük', 0),
(1187, 242, 'Devecikonağı', 0),
(1188, 242, 'Merkez', 1),
(1189, 242, 'Söğütalan', 0),
(1190, 243, 'Cumalıkızık', 0),
(1191, 243, 'Merkez', 1),
(1192, 244, 'Merkez', 1),
(1193, 244, 'Zeytinbağı', 0),
(1194, 245, 'Akçalar', 0),
(1195, 245, 'Altınşehir', 0),
(1196, 245, 'Ataevler', 0),
(1197, 245, 'Beşevler', 0),
(1198, 245, 'Cumhuriyet', 0),
(1199, 245, 'Çalı', 0),
(1200, 245, 'Ertuğrul', 0),
(1201, 245, 'Geçit', 0),
(1202, 245, 'Gölyazı', 0),
(1203, 245, 'Görükle', 0),
(1204, 245, 'Hasanağa', 0),
(1205, 245, 'İhsaniye', 0),
(1206, 245, 'Kayapa', 0),
(1207, 245, 'Merkez', 1),
(1208, 245, 'Özlüce', 0),
(1209, 245, 'Ürünlü', 0),
(1210, 246, 'Göynükbelen', 0),
(1211, 246, 'Karıncalı', 0),
(1212, 246, 'Merkez', 1),
(1213, 247, 'Çakırlı', 0),
(1214, 247, 'Merkez', 1),
(1215, 247, 'Narlıca', 0),
(1216, 247, 'Sölöz', 0),
(1217, 247, 'Yeniköy', 0),
(1218, 247, 'Yenisölöz', 0),
(1219, 248, 'Adalet', 0),
(1220, 248, 'Ahmetpaşa', 0),
(1221, 248, 'Akpınar', 0),
(1222, 248, 'Aktarhüssam', 0),
(1223, 248, 'Alaattin', 0),
(1224, 248, 'Alacahırka', 0),
(1225, 248, 'Alacamescit', 0),
(1226, 248, 'Alasar', 0),
(1227, 248, 'Alemdar', 0),
(1228, 248, 'Alipaşa', 0),
(1229, 248, 'Altınova', 0),
(1230, 248, 'Altıparmak', 0),
(1231, 248, 'Armutköy', 0),
(1232, 248, 'Atıcılar', 0),
(1233, 248, 'Bağlarbaşı', 0),
(1234, 248, 'Bahar', 0),
(1235, 248, 'Başaran', 0),
(1236, 248, 'Çekirge', 0),
(1237, 248, 'Çeltik', 0),
(1238, 248, 'Çırpan', 0),
(1239, 248, 'Çiftehavuzlar', 0),
(1240, 248, 'Çirişhane', 0),
(1241, 248, 'Çukurca', 0),
(1242, 248, 'Demirtaş', 0),
(1243, 248, 'Demirtaş', 0),
(1244, 248, 'Demirtaşpaşa', 0),
(1245, 248, 'Dereçavuş', 0),
(1246, 248, 'Doburca', 0),
(1247, 248, 'Doğanbey', 0),
(1248, 248, 'Doğanevler', 0),
(1249, 248, 'Elmasbahçeler', 0),
(1250, 248, 'Emek', 0),
(1251, 248, 'Esentepe', 0),
(1252, 248, 'Fatih', 0),
(1253, 248, 'Gaziakdemir', 0),
(1254, 248, 'Geçit', 0),
(1255, 248, 'Gülbahçe', 0),
(1256, 248, 'Hacıilyas', 0),
(1257, 248, 'Hamitler', 0),
(1258, 248, 'Hamzabey', 0),
(1259, 248, 'Hocahasan', 0),
(1260, 248, 'Hüdavendigar', 0),
(1261, 248, 'Hürriyet', 0),
(1262, 248, 'İbrahim Paşa', 0),
(1263, 248, 'İnkaya', 0),
(1264, 248, 'İntizam', 0),
(1265, 248, 'İsmetiye', 0),
(1266, 248, 'İstiklal', 0),
(1267, 248, 'İvazpaşa', 0),
(1268, 248, 'Kavaklı', 0),
(1269, 248, 'Kayhan', 0),
(1270, 248, 'Kemerçeşme', 0),
(1271, 248, 'Kızyakup', 0),
(1272, 248, 'Kirazlı', 0),
(1273, 248, 'Kuruçeşme', 0),
(1274, 248, 'Küplüpınar', 0),
(1275, 248, 'Merkez', 1),
(1276, 248, 'Nalbantoğlu', 0),
(1277, 248, 'Ovaakça', 0),
(1278, 248, 'Panayır', 0),
(1279, 248, 'Reyhan', 0),
(1280, 248, 'Selimiye', 0),
(1281, 248, 'Soğanlı', 0),
(1282, 248, 'Soğukkuyu', 0),
(1283, 248, 'Tahtakale', 0),
(1284, 248, 'Tuzpazarı', 0),
(1285, 248, 'Ulu', 0),
(1286, 248, 'Veysel Karani', 0),
(1287, 248, 'Yahşibey', 0),
(1288, 248, 'Yeniceabat', 0),
(1289, 248, 'Yunuseli', 0),
(1290, 248, 'Zafer', 0),
(1291, 249, 'Merkez', 1),
(1292, 250, '152 Evler Mah.', 0),
(1293, 250, 'Hocataşkın Mah.', 0),
(1294, 250, 'İsabey', 0),
(1295, 250, 'Merkez', 1),
(1296, 250, 'Ortabağlar Mah.', 0),
(1297, 250, 'Piremir Mah.', 0),
(1298, 250, 'Samanlı', 0),
(1299, 250, 'Selimzade', 0),
(1300, 250, 'Sıracevizler', 0),
(1301, 250, 'Şükraniye', 0),
(1302, 250, 'Teferrüç', 0),
(1303, 250, 'Tepedevrent', 0),
(1304, 250, 'Yavuz Selim', 0),
(1305, 250, 'Yediselviler', 0),
(1306, 250, 'Yeşilyayla', 0),
(1307, 250, 'Yiğitler Mah.', 0),
(1308, 250, 'Yunus Emre', 0),
(1309, 250, 'Zümrütevler Mah.', 0),
(1310, 251, 'Merkez', 1),
(1311, 252, 'Gülpınar', 0),
(1312, 252, 'Küçükkuyu', 0),
(1313, 252, 'Merkez', 1),
(1314, 253, 'Merkez', 1),
(1315, 254, 'Behramkale', 0),
(1316, 255, 'Balıklıçeşme', 0),
(1317, 255, 'Gümüşçay', 0),
(1318, 255, 'Karabiga', 0),
(1319, 255, 'Kozçeşme', 0),
(1320, 255, 'Merkez', 1),
(1321, 255, 'Yeniçiftlik', 0),
(1322, 256, 'Merkez', 1),
(1323, 257, 'Merkez', 1),
(1324, 257, 'Terzialan', 0),
(1325, 258, 'Merkez', 1),
(1326, 259, 'Geyikli', 0),
(1327, 259, 'Mahmudiye', 0),
(1328, 259, 'Merkez', 1),
(1329, 260, 'Bolayır', 0),
(1330, 260, 'Evreşe', 0),
(1331, 260, 'Güneyli', 0),
(1332, 260, 'Kavakköy', 0),
(1333, 260, 'Merkez', 1),
(1334, 261, 'Merkez', 1),
(1335, 262, 'Merkez', 1),
(1336, 263, 'Kalkım', 0),
(1337, 264, 'Küçükkuyu', 0),
(1338, 265, 'Çardak', 0),
(1339, 265, 'Merkez', 1),
(1340, 265, 'Umurbey', 0),
(1341, 266, 'İntepe', 0),
(1342, 266, 'Kepez', 0),
(1343, 266, 'Kumkale', 0),
(1344, 266, 'Merkez', 1),
(1345, 267, 'Akçakoyun', 0),
(1346, 267, 'Hamdibey', 0),
(1347, 267, 'Kalkım', 0),
(1348, 267, 'Merkez', 1),
(1349, 267, 'Pazarköy', 0),
(1350, 268, 'Çardaklı', 0),
(1351, 268, 'Merkez', 1),
(1352, 269, 'Bayramören', 0),
(1353, 270, 'Merkez', 1),
(1354, 270, 'Saçak', 0),
(1355, 271, 'Merkez', 1),
(1356, 272, 'Merkez', 1),
(1357, 273, 'Merkez', 1),
(1358, 274, 'Merkez', 1),
(1359, 275, 'Merkez', 1),
(1360, 276, 'Çavundur', 0),
(1361, 276, 'Dumanlı', 0),
(1362, 276, 'Hacımıslu', 0),
(1363, 276, 'Merkez', 1),
(1364, 276, 'Sivricek', 0),
(1365, 276, 'Taşkaracalar', 0),
(1366, 277, 'Merkez', 1),
(1367, 277, 'Ünür', 0),
(1368, 278, 'Dodurga', 0),
(1369, 278, 'Elmalık', 0),
(1370, 278, 'Kalfat', 0),
(1371, 278, 'Merkez', 1),
(1372, 278, 'Özlü', 0),
(1373, 278, 'Yaylakent', 0),
(1374, 280, 'Gümerdiğin', 0),
(1375, 280, 'Gürpınar', 0),
(1376, 280, 'Merkez', 1),
(1377, 281, 'İkizören', 0),
(1378, 281, 'Merkez', 1),
(1379, 281, 'Yukarıöz', 0),
(1380, 281, 'Yüklü', 0),
(1381, 282, 'Alacahüyük', 0),
(1382, 282, 'Büyükhırka', 0),
(1383, 282, 'Çopraşık', 0),
(1384, 282, 'Merkez', 1),
(1385, 283, 'Eskialibey', 0),
(1386, 283, 'Kunduzlu', 0),
(1387, 283, 'Merkez', 1),
(1388, 284, 'Evci', 0),
(1389, 284, 'Evren', 0),
(1390, 284, 'Merkez', 1),
(1391, 285, 'Alpagut', 0),
(1392, 285, 'Merkez', 1),
(1393, 286, 'Merkez', 1),
(1394, 287, 'Hacıhamza', 0),
(1395, 287, 'Merkez', 1),
(1396, 288, 'Çamlıca', 0),
(1397, 288, 'Merkez', 1),
(1398, 288, 'Narlı', 0),
(1399, 289, 'Elvançelebi', 0),
(1400, 289, 'Merkez', 1),
(1401, 290, 'Çorum', 0),
(1402, 290, 'Düvenci', 0),
(1403, 290, 'Konaklı', 0),
(1404, 290, 'Seydim', 0),
(1405, 291, 'Merkez', 1),
(1406, 292, 'Aşdağul', 0),
(1407, 292, 'Karahacip', 0),
(1408, 292, 'Merkez', 1),
(1409, 293, 'Başpınar', 0),
(1410, 293, 'Merkez', 1),
(1411, 294, 'Arifegazili', 0),
(1412, 294, 'Demirşeyh', 0),
(1413, 294, 'Kaledere', 0),
(1414, 294, 'Kavşut', 0),
(1415, 294, 'Merkez', 1),
(1416, 294, 'Tuğlu', 0),
(1417, 294, 'Yörüklü', 0),
(1418, 295, 'Merkez', 1),
(1419, 296, 'Akalan', 0),
(1420, 296, 'Alaattin', 0),
(1421, 296, 'Darıveren', 0),
(1422, 296, 'Dodurgalar', 0),
(1423, 296, 'Gölcük', 0),
(1424, 296, 'Kelekçi', 0),
(1425, 296, 'Kumafşarı', 0),
(1426, 296, 'Merkez', 1),
(1427, 296, 'Yassıhüyük', 0),
(1428, 296, 'Yazır', 0),
(1429, 296, 'Yeşildere', 0),
(1430, 296, 'Yeşilyuva', 0),
(1431, 296, 'Yumrutaş', 0),
(1432, 297, 'Gölemezli', 0),
(1433, 297, 'Merkez', 1),
(1434, 298, 'Merkez', 1),
(1435, 299, 'Boğaziçi', 0),
(1436, 299, 'Dağal', 0),
(1437, 299, 'Merkez', 1),
(1438, 300, 'Kutlubey', 0),
(1439, 300, 'Merkez', 1),
(1440, 301, 'Merkez', 1),
(1441, 302, 'İnceler', 0),
(1442, 302, 'Merkez', 1),
(1443, 303, 'Merkez', 1),
(1444, 303, 'Yenicekent', 0),
(1445, 304, 'Akkent', 0),
(1446, 304, 'Belevi', 0),
(1447, 304, 'Denizler', 0),
(1448, 304, 'Hançalar', 0),
(1449, 304, 'İsabey', 0),
(1450, 304, 'Merkez', 1),
(1451, 304, 'Ortaköy', 0),
(1452, 304, 'Selcen', 0),
(1453, 304, 'Süller', 0),
(1454, 305, 'Merkez', 1),
(1455, 306, 'Beylerli', 0),
(1456, 306, 'Gemiş', 0),
(1457, 306, 'Merkez', 1),
(1458, 307, 'Çıtak', 0),
(1459, 307, 'Emirhisar', 0),
(1460, 307, 'Gümüşsu', 0),
(1461, 307, 'Gürpınar', 0),
(1462, 307, 'Irgıllı', 0),
(1463, 307, 'Işıklı', 0),
(1464, 307, 'Kıralan', 0),
(1465, 307, 'Kızılcasöğüt', 0),
(1466, 307, 'Merkez', 1),
(1467, 307, 'Özdemirci', 0),
(1468, 308, 'Eziler', 0),
(1469, 308, 'Merkez', 1),
(1470, 309, 'Kaklık', 0),
(1471, 309, 'Karaçay', 0),
(1472, 309, 'Kızılyer', 0),
(1473, 309, 'Kocabaş', 0),
(1474, 309, 'Merkez', 1),
(1475, 310, 'Gölbaşı', 0),
(1476, 310, 'Karaköy', 0),
(1477, 310, 'Merkez', 1),
(1478, 311, 'Akkale', 0),
(1479, 311, 'Aşağışamlı', 0),
(1480, 311, 'Bağbaşı', 0),
(1481, 311, 'Bereketli', 0),
(1482, 311, 'Cankurtaran', 0),
(1483, 311, 'Gökpınar', 0),
(1484, 311, 'Göveçlik', 0),
(1485, 311, 'Gözler', 0),
(1486, 311, 'Gümüşler', 0),
(1487, 311, 'Hallaçlar', 0),
(1488, 311, 'Irlıganlı', 0),
(1489, 311, 'Karahayıt', 0),
(1490, 311, 'Kayhan', 0),
(1491, 311, 'Kınıklı', 0),
(1492, 311, 'Korucuk', 0),
(1493, 311, 'Merkez', 1),
(1494, 311, 'Pamukkale', 0),
(1495, 311, 'Pınarkent', 0),
(1496, 311, 'Servergazi', 0),
(1497, 311, 'Uzunpınar', 0),
(1498, 311, 'Üçler', 0),
(1499, 312, 'Pamukkale', 0),
(1500, 313, 'Ahmetli', 0),
(1501, 313, 'Duacılı', 0),
(1502, 313, 'Merkez', 1),
(1503, 313, 'Sığma', 0),
(1504, 313, 'Tosunlar', 0),
(1505, 314, 'Merkez', 1),
(1506, 314, 'Yatağan', 0),
(1507, 315, 'Baharlar', 0),
(1508, 315, 'Büyükkonak', 0),
(1509, 315, 'Çağırgan', 0),
(1510, 315, 'Garipköy', 0),
(1511, 315, 'Karahisar', 0),
(1512, 315, 'Kızılca', 0),
(1513, 315, 'Kızılcabölük', 0),
(1514, 315, 'Merkez', 1),
(1515, 315, 'Pınarlar', 0),
(1516, 315, 'Solmaz', 0),
(1517, 315, 'Ulukent', 0),
(1518, 316, 'Ambar', 0),
(1519, 316, 'Merkez', 1),
(1520, 316, 'Tepe', 0),
(1521, 316, 'Yukarısalat', 0),
(1522, 317, 'Merkez', 1),
(1523, 317, 'Yukarışeyhler', 0),
(1524, 318, 'Alatosun', 0),
(1525, 318, 'Merkez', 1),
(1526, 319, 'Merkez', 1),
(1527, 320, 'Kaygısız', 0),
(1528, 320, 'Merkez', 1),
(1529, 321, 'Merkez', 1),
(1530, 322, 'Merkez', 1),
(1531, 322, 'Şölen', 0),
(1532, 323, 'Gürbüz', 0),
(1533, 323, 'Kuyular', 0),
(1534, 323, 'Merkez', 1),
(1535, 324, 'Merkez', 1),
(1536, 325, 'Merkez', 1),
(1537, 325, 'Özekli', 0),
(1538, 326, 'Ağaçlı', 0),
(1539, 326, 'Merkez', 1),
(1540, 327, 'Merkez', 1),
(1541, 328, 'Bağıvar', 0),
(1542, 328, 'Bağlar', 0),
(1543, 328, 'Çarıklı', 0),
(1544, 328, 'Diyarbakır', 0),
(1545, 328, 'Kayapınar', 0),
(1546, 328, 'Sur', 0),
(1547, 328, 'Yenişehir', 0),
(1548, 329, 'Bayrambaşı', 0),
(1549, 329, 'Merkez', 1),
(1550, 330, 'Merkez', 1),
(1551, 331, 'Merkez', 1),
(1552, 332, 'Merkez', 1),
(1553, 333, 'Merkez', 1),
(1554, 334, 'Merkez', 1),
(1555, 335, 'Merkez', 1),
(1556, 336, 'Beyköy', 0),
(1557, 336, 'Boğaziçi', 0),
(1558, 336, 'Düzce', 0),
(1559, 336, 'Konuralp', 0),
(1560, 337, 'Merkez', 1),
(1561, 338, 'Abdürrahim', 0),
(1562, 338, 'Büyükevren', 0),
(1563, 338, 'Çandır', 0),
(1564, 338, 'Çavuşköy', 0),
(1565, 338, 'Çeribaşı', 0),
(1566, 338, 'Gülçavuş', 0),
(1567, 338, 'Hasköy', 0),
(1568, 338, 'Hisarlı', 0),
(1569, 338, 'Işıklı', 0),
(1570, 338, 'Karaincirli', 0),
(1571, 338, 'Kocaali', 0),
(1572, 338, 'Küçükevren', 0),
(1573, 338, 'Merkez', 1),
(1574, 338, 'Sultaniçe', 0),
(1575, 338, 'Sütçüler', 0),
(1576, 338, 'Şehitler', 0),
(1577, 338, 'Umurbey', 0),
(1578, 338, 'Vakıf', 0),
(1579, 338, 'Yazır', 0),
(1580, 338, 'Yenice', 0),
(1581, 339, 'Merkez', 1),
(1582, 340, 'Esetçe', 0),
(1583, 340, 'Hacı', 0),
(1584, 340, 'İbriktepe', 0),
(1585, 340, 'Kocahıdır', 0),
(1586, 340, 'Merkez', 1),
(1587, 340, 'Sultan', 0),
(1588, 340, 'Yenikarpuzlu', 0),
(1589, 341, 'Merkez', 1),
(1590, 342, 'Aşağı Zaferiye', 0),
(1591, 342, 'Beğendik', 0),
(1592, 342, 'Büyük ve Orta Cami', 0),
(1593, 342, 'Cumhuriyet', 0),
(1594, 342, 'Çamlıca', 0),
(1595, 342, 'Danişment', 0),
(1596, 342, 'Erikli', 0),
(1597, 342, 'İspat ve Yeni Cami', 0),
(1598, 342, 'İstasyon', 0),
(1599, 342, 'Mecidiye', 0),
(1600, 342, 'Merkez', 1),
(1601, 342, 'Paşayiğit', 0),
(1602, 342, 'Yeni Mescid', 0),
(1603, 342, 'Yenimuhacir', 0),
(1604, 342, 'Yörük', 0),
(1605, 342, 'Yukarı Zaferiye', 0),
(1606, 343, 'Merkez', 1),
(1607, 344, 'Küplü', 0),
(1608, 344, 'Merkez', 1),
(1609, 344, 'Subaşı', 0),
(1610, 345, '1. Murat', 0),
(1611, 345, 'Abdurrahman', 0),
(1612, 345, 'Babademirtaş', 0),
(1613, 345, 'Barutluk', 0),
(1614, 345, 'Çavuşbey', 0),
(1615, 345, 'Dilaver Doğan', 0),
(1616, 345, 'Fatih', 0),
(1617, 345, 'Hacısarraf', 0),
(1618, 345, 'İstasyon', 0),
(1619, 345, 'Karaağaç', 0),
(1620, 345, 'Kocasinan', 0),
(1621, 345, 'Medrese Alibey', 0),
(1622, 345, 'Menzilahır', 0),
(1623, 345, 'Merkez', 1),
(1624, 345, 'Meydan', 0),
(1625, 345, 'Mithatpaşa', 0),
(1626, 345, 'Nişancıpaşa', 0),
(1627, 345, 'Sabuni', 0),
(1628, 345, 'Sarıcapaşa', 0),
(1629, 345, 'Şükrüpaşa', 0),
(1630, 345, 'Talatpaşa', 0),
(1631, 345, 'Umurbey', 0),
(1632, 345, 'Yancıkçışahin', 0),
(1633, 345, 'Yeniimaret', 0),
(1634, 345, 'Yıldırım Bayezit', 0),
(1635, 346, 'Merkez', 1),
(1636, 347, 'Çöpköy', 0),
(1637, 347, 'Kırcasalih', 0),
(1638, 347, 'Kurtbey', 0),
(1639, 347, 'Merkez', 1),
(1640, 347, 'Yeniköy', 0),
(1641, 348, 'Merkez', 1),
(1642, 349, 'Merkez', 1),
(1643, 350, 'Merkez', 1),
(1644, 351, 'Bükardı', 0),
(1645, 351, 'Erimli', 0),
(1646, 351, 'Merkez', 1),
(1647, 351, 'Üçocak', 0),
(1648, 352, 'Merkez', 1),
(1649, 353, 'Merkez', 1),
(1650, 354, 'Merkez', 1),
(1651, 355, 'Çakırkaş', 0),
(1652, 355, 'Merkez', 1),
(1653, 355, 'Yarımca', 0),
(1654, 356, 'Gezin', 0),
(1655, 356, 'Merkez', 1),
(1656, 357, 'Akçakiraz', 0),
(1657, 357, 'Elazığ', 0),
(1658, 357, 'Hankendi', 0),
(1659, 357, 'İçme', 0),
(1660, 357, 'Mollakendi', 0),
(1661, 357, 'Yazıkonak', 0),
(1662, 357, 'Yurtbaşı', 0),
(1663, 358, 'Baltaşı', 0),
(1664, 358, 'Beyhanı', 0),
(1665, 358, 'Merkez', 1),
(1666, 359, 'Merkez', 1),
(1667, 360, 'Merkez', 1),
(1668, 361, 'Merkez', 1),
(1669, 362, 'Merkez', 1),
(1670, 363, 'Merkez', 1),
(1671, 364, 'Akyazı', 0),
(1672, 364, 'Bahçeliköy', 0),
(1673, 364, 'Çağlayan', 0),
(1674, 364, 'Çukurkuyu', 0),
(1675, 364, 'Demirkent', 0),
(1676, 364, 'Dörtler', 0),
(1677, 364, 'Erzincan', 0),
(1678, 364, 'Geçit', 0),
(1679, 364, 'Kavakyolu', 0),
(1680, 364, 'Mollaköy', 0),
(1681, 364, 'Ulalar', 0),
(1682, 364, 'Uluköy', 0),
(1683, 364, 'Yalnızbağ', 0),
(1684, 364, 'Yaylabaşı', 0),
(1685, 364, 'Yoğurtlu', 0),
(1686, 365, 'Merkez', 1),
(1687, 366, 'Merkez', 1),
(1688, 367, 'Altunkent', 0),
(1689, 367, 'Çadırkaya', 0),
(1690, 367, 'Mercan', 0),
(1691, 367, 'Merkez', 1),
(1692, 368, 'Altınbaşak', 0),
(1693, 368, 'Bayırbağ', 0),
(1694, 368, 'Karakaya', 0),
(1695, 368, 'Merkez', 1),
(1696, 369, 'Kandilli', 0),
(1697, 369, 'Merkez', 1),
(1698, 369, 'Yeniköy', 0),
(1699, 370, 'Merkez', 1),
(1700, 370, 'Yavi', 0),
(1701, 371, 'Halilçavuş', 0),
(1702, 371, 'Merkez', 1),
(1703, 372, 'Merkez', 1),
(1704, 373, 'Merkez', 1),
(1705, 374, 'Çamlıkaya', 0),
(1706, 374, 'Madenköprübaşı', 0),
(1707, 374, 'Merkez', 1),
(1708, 375, 'Kopal', 0),
(1709, 375, 'Merkez', 1),
(1710, 376, 'Merkez', 1),
(1711, 377, 'Merkez', 1),
(1712, 377, 'Yağan', 0),
(1713, 378, 'Dadaşkent', 0),
(1714, 378, 'Dadaşköy', 0),
(1715, 378, 'Dumlu', 0),
(1716, 378, 'Kazımkarabekir', 0),
(1717, 378, 'Merkez', 1),
(1718, 378, 'Yakutiye', 0),
(1719, 378, 'Yenişehir', 0),
(1720, 379, 'Merkez', 1),
(1721, 379, 'Şekerli', 0),
(1722, 380, 'Merkez', 1),
(1723, 381, 'Merkez', 1),
(1724, 382, 'Merkez', 1),
(1725, 383, 'Alvar', 0),
(1726, 383, 'Merkez', 1),
(1727, 384, 'Merkez', 1),
(1728, 385, 'Merkez', 1),
(1729, 385, 'Paşalı', 0),
(1730, 386, 'Merkez', 1),
(1731, 387, 'Bağbaşı', 0),
(1732, 387, 'Merkez', 1),
(1733, 387, 'Merkez', 1),
(1734, 387, 'Pehlivanlı', 0),
(1735, 387, 'Serdarlı', 0),
(1736, 387, 'Şenyurt', 0),
(1737, 388, 'Merkez', 1),
(1738, 389, 'Bozan', 0),
(1739, 389, 'Merkez', 1),
(1740, 389, 'Osmaniye', 0),
(1741, 390, 'Merkez', 1),
(1742, 391, 'Merkez', 1),
(1743, 392, 'Gümüşkonak', 0),
(1744, 392, 'Kayakent', 0),
(1745, 392, 'Merkez', 1),
(1746, 393, 'Merkez', 1),
(1747, 394, 'Merkez', 1),
(1748, 395, 'Merkez', 1),
(1749, 396, 'Çukurhisar', 0),
(1750, 396, 'Gündüzler', 0),
(1751, 396, 'Merkez', 1),
(1752, 396, 'Muttalip', 0),
(1753, 396, 'Odunpazarı', 0),
(1754, 396, 'Tepebaşı', 0),
(1755, 397, 'Alpagut', 0),
(1756, 397, 'Merkez', 1),
(1757, 397, 'Sakarıılıca', 0),
(1758, 398, 'Dinek', 0),
(1759, 398, 'Merkez', 1),
(1760, 398, 'Yunusemre', 0),
(1761, 399, 'Laçin', 0),
(1762, 399, 'Merkez', 1),
(1763, 400, 'Doğançayır', 0),
(1764, 400, 'Kırka', 0),
(1765, 400, 'Merkez', 1),
(1766, 401, 'Dümrek', 0),
(1767, 401, 'Kaymaz', 0),
(1768, 401, 'Merkez', 1),
(1769, 401, 'Nasrettin Hoca', 0),
(1770, 402, 'Elif', 0),
(1771, 402, 'Merkez', 1),
(1772, 403, 'Altınüzüm', 0),
(1773, 403, 'Boğaziçi', 0),
(1774, 403, 'Fevzipaşa', 0),
(1775, 403, 'Merkez', 1),
(1776, 403, 'Yeşilyurt', 0),
(1777, 404, 'Merkez', 1),
(1778, 405, 'Merkez', 1),
(1779, 406, 'Kocatepe', 0),
(1780, 406, 'Merkez', 1),
(1781, 406, 'Salkım', 0),
(1782, 406, 'Sekili', 0),
(1783, 406, 'Tatlıcak', 0),
(1784, 406, 'Uluyatır', 0),
(1785, 407, 'Merkez', 1),
(1786, 407, 'Sakçagözü', 0),
(1787, 407, 'Şatırhöyük', 0),
(1788, 408, 'Merkez', 1),
(1789, 408, 'Yeşildere', 0),
(1790, 409, 'Burç', 0),
(1791, 409, 'Büyükşahinbey', 0),
(1792, 409, 'Cevizli', 0),
(1793, 409, 'Merkez', 1),
(1794, 410, 'Aktoprak', 0),
(1795, 410, 'Arıl', 0),
(1796, 410, 'Merkez', 1),
(1797, 411, 'Merkez', 1),
(1798, 412, 'Merkez', 1),
(1799, 413, 'Aydındere', 0),
(1800, 413, 'Kovanlık', 0),
(1801, 413, 'Merkez', 1),
(1802, 414, 'Merkez', 1),
(1803, 414, 'Yenice', 0),
(1804, 415, 'Karabörk', 0),
(1805, 415, 'Merkez', 1),
(1806, 416, 'Merkez', 1),
(1807, 416, 'Yavuzkemal', 0),
(1808, 417, 'Merkez', 1),
(1809, 418, 'Merkez', 1),
(1810, 419, 'Merkez', 1),
(1811, 420, 'Aydınlar', 0),
(1812, 420, 'Çavuşlu', 0),
(1813, 420, 'Kırıklı', 0),
(1814, 420, 'Köprübaşı', 0),
(1815, 420, 'Merkez', 1),
(1816, 421, 'Merkez', 1),
(1817, 422, 'Karabulduk', 0),
(1818, 422, 'Merkez', 1),
(1819, 423, 'Çaldağ', 0),
(1820, 423, 'Duroğlu', 0),
(1821, 423, 'Giresun', 0),
(1822, 423, 'İnişdibi', 0),
(1823, 424, 'Bozat', 0),
(1824, 424, 'Merkez', 1),
(1825, 425, 'Merkez', 1),
(1826, 426, 'Merkez', 1),
(1827, 427, 'Merkez', 1),
(1828, 427, 'Üçtepe', 0),
(1829, 428, 'Deredolu', 0),
(1830, 428, 'Gümüşgöze', 0),
(1831, 428, 'Kaş', 0),
(1832, 428, 'Merkez', 1),
(1833, 428, 'Öbektaş', 0),
(1834, 428, 'Söğütlü', 0),
(1835, 428, 'Ünlüpınar', 0),
(1836, 429, 'Merkez', 1),
(1837, 429, 'Salyazı', 0),
(1838, 430, 'Merkez', 1),
(1839, 430, 'Özkürtün', 0),
(1840, 431, 'Arzular', 0),
(1841, 431, 'Gümüşhane', 0),
(1842, 431, 'Tekke', 0),
(1843, 432, 'Merkez', 1),
(1844, 432, 'Yeşilbük', 0),
(1845, 433, 'Altınpınar', 0),
(1846, 433, 'Merkez', 1),
(1847, 434, 'Zigana', 0),
(1848, 435, 'Merkez', 1),
(1849, 436, 'Merkez', 1),
(1850, 437, 'Derecik', 0),
(1851, 437, 'Merkez', 1),
(1852, 438, 'Büyükçiftlik', 0),
(1853, 438, 'Esendere', 0),
(1854, 438, 'Merkez', 1),
(1855, 439, 'Altınkaya', 0),
(1856, 439, 'Hacıpaşa', 0),
(1857, 439, 'Merkez', 1),
(1858, 439, 'Yiğityolu', 0),
(1859, 440, 'Avsuyu', 0),
(1860, 440, 'Çekmece', 0),
(1861, 440, 'Dursunlu', 0),
(1862, 440, 'Ekinci', 0),
(1863, 440, 'Gümüşgöze', 0),
(1864, 440, 'Güzelburç', 0),
(1865, 440, 'Harbiye', 0),
(1866, 440, 'Karaali', 0),
(1867, 440, 'Karlısu', 0),
(1868, 440, 'Kuzeytepe', 0),
(1869, 440, 'Küçükdalyan', 0),
(1870, 440, 'Maşuklu', 0),
(1871, 440, 'Merkez', 1),
(1872, 440, 'Narlıca', 0),
(1873, 440, 'Odabaşı', 0),
(1874, 440, 'Ovakent', 0),
(1875, 440, 'Serinyol', 0),
(1876, 440, 'Subaşı', 0),
(1877, 440, 'Şenköy', 0),
(1878, 440, 'Toygarlı', 0),
(1879, 440, 'Turunçlu', 0),
(1880, 440, 'Yeşilpınar', 0),
(1881, 441, 'Merkez', 1),
(1882, 442, 'Altınçağ', 0),
(1883, 442, 'Karakese', 0),
(1884, 442, 'Kuzuculu', 0),
(1885, 442, 'Merkez', 1),
(1886, 442, 'Payas', 0),
(1887, 442, 'Yeniyurt', 0),
(1888, 442, 'Yeşilköy', 0),
(1889, 443, 'Merkez', 1),
(1890, 444, 'Akbez', 0),
(1891, 444, 'Aktepe', 0),
(1892, 444, 'Ardıçlı', 0),
(1893, 444, 'Küreci', 0),
(1894, 444, 'Merkez', 1),
(1895, 444, 'Söğüt', 0),
(1896, 445, 'Akçalı', 0),
(1897, 445, 'Arsuz', 0),
(1898, 445, 'Azganlık', 0),
(1899, 445, 'Bekbele', 0),
(1900, 445, 'Denizciler', 0),
(1901, 445, 'Gökmeydan', 0),
(1902, 445, 'Gözcüler', 0),
(1903, 445, 'Karaağaç', 0),
(1904, 445, 'Karayılan', 0),
(1905, 445, 'Madenli', 0),
(1906, 445, 'Merkez', 1),
(1907, 445, 'Nardüzü', 0),
(1908, 445, 'Sarıseki', 0),
(1909, 445, 'Üçgüllük', 0),
(1910, 446, 'Kurtlusoğuksu', 0),
(1911, 446, 'Merkez', 1),
(1912, 447, 'Merkez', 1),
(1913, 448, 'Merkez', 1),
(1914, 449, 'Merkez', 1),
(1915, 450, 'Aknehir', 0),
(1916, 450, 'Değirmenbaşı', 0),
(1917, 450, 'Koyunoğlu', 0),
(1918, 450, 'Kuşalanı', 0),
(1919, 450, 'Mağaracık', 0),
(1920, 450, 'Merkez', 1),
(1921, 450, 'Mızraklı', 0),
(1922, 450, 'Sutaşı', 0),
(1923, 450, 'Tavla', 0),
(1924, 450, 'Tekebaşı', 0),
(1925, 450, 'Tomruksuyu', 0),
(1926, 450, 'Uzunbağ', 0),
(1927, 450, 'Yaylıca', 0),
(1928, 451, 'Karaköse', 0),
(1929, 451, 'Kışlak', 0),
(1930, 451, 'Merkez', 1),
(1931, 451, 'Yeditepe', 0),
(1932, 452, 'Merkez', 1),
(1933, 453, 'Merkez', 1),
(1934, 453, 'Taşburun', 0),
(1935, 454, 'Halfeli', 0),
(1936, 454, 'Hoşhaber', 0),
(1937, 454, 'Iğdır', 0),
(1938, 454, 'Melekli', 0),
(1939, 455, 'Merkez', 1),
(1940, 456, 'Merkez', 1),
(1941, 456, 'Yakaafşar', 0),
(1942, 457, 'İslamköy', 0),
(1943, 457, 'Merkez', 1),
(1944, 458, 'Barla', 0),
(1945, 458, 'Gökçehüyük', 0),
(1946, 458, 'Merkez', 1),
(1947, 458, 'Pazarköy', 0),
(1948, 458, 'Sarıidris', 0),
(1949, 459, 'Bağıllı', 0),
(1950, 459, 'Merkez', 1),
(1951, 459, 'Yaka', 0),
(1952, 460, 'Güneykent', 0),
(1953, 460, 'Merkez', 1),
(1954, 461, 'Aydoğmuş', 0),
(1955, 461, 'Kılıç', 0),
(1956, 461, 'Merkez', 1),
(1957, 461, 'Senir', 0),
(1958, 462, 'Büyükgökçeli', 0),
(1959, 462, 'Kuleönü', 0);
INSERT INTO `adres_semt` (`no`, `ilce`, `semt`, `sira`) VALUES
(1960, 462, 'Merkez', 1),
(1961, 462, 'Savköy', 0),
(1962, 463, 'Büyükkabaca', 0),
(1963, 463, 'Merkez', 1),
(1964, 463, 'Uluğbey', 0),
(1965, 463, 'Yassıören', 0),
(1966, 464, 'Ayvalıpınar', 0),
(1967, 464, 'Kasımlar', 0),
(1968, 464, 'Kesme', 0),
(1969, 464, 'Merkez', 1),
(1970, 465, 'Çarıksaraylar', 0),
(1971, 465, 'Çiçekpınar', 0),
(1972, 465, 'Göksöğüt', 0),
(1973, 465, 'Merkez', 1),
(1974, 466, 'Merkez', 1),
(1975, 467, 'Bağkonak', 0),
(1976, 467, 'Çetince', 0),
(1977, 467, 'Dedeçam', 0),
(1978, 467, 'Hüyüklü', 0),
(1979, 467, 'Kozluçay', 0),
(1980, 467, 'Körküler', 0),
(1981, 467, 'Kumdanlı', 0),
(1982, 467, 'Merkez', 1),
(1983, 467, 'Özbayat', 0),
(1984, 467, 'Özgüney', 0),
(1985, 467, 'Sücüllü', 0),
(1986, 467, 'Tokmacık', 0),
(1987, 467, 'Yukarıkaşıkara', 0),
(1988, 468, 'Yenişarbademli', 0),
(1989, 469, 'Bozdoğan', 0),
(1990, 469, 'Merkez', 1),
(1991, 470, 'Karatepe Mevkii', 0),
(1992, 471, 'Merkez', 1),
(1993, 472, 'Merkez', 1),
(1994, 473, 'Merkez', 1),
(1995, 474, 'Merkez', 1),
(1996, 475, 'Merkez', 1),
(1997, 476, 'Merkez', 1),
(1998, 477, 'Merkez', 1),
(1999, 477, 'Mezitli', 0),
(2000, 478, 'Merkez', 1),
(2001, 479, 'Merkez', 1),
(2002, 480, 'Merkez', 1),
(2003, 481, 'Burgaz', 0),
(2004, 481, 'Büyükada', 0),
(2005, 481, 'Cami', 0),
(2006, 481, 'Dağ', 0),
(2007, 481, 'Heybeliada', 0),
(2008, 481, 'Karanfil', 0),
(2009, 481, 'Kınalıada', 0),
(2010, 481, 'Kıyı', 0),
(2011, 481, 'Maden', 0),
(2012, 481, 'Merkez', 1),
(2013, 481, 'Mesrutiyet', 0),
(2014, 481, 'Nizam', 0),
(2015, 481, 'Sedef Adası', 0),
(2016, 481, 'Yalı', 0),
(2017, 482, 'Ambarlı', 0),
(2018, 482, 'Cihangir', 0),
(2019, 482, 'Denizköşkler', 0),
(2020, 482, 'Firuzköy', 0),
(2021, 482, 'Gümüşpala', 0),
(2022, 482, 'M.Kemal Paşa', 0),
(2023, 482, 'Merkez', 1),
(2024, 482, 'Tahtakale', 0),
(2025, 482, 'Üniversite', 0),
(2026, 482, 'Yeşilkent', 0),
(2027, 483, 'Bağlar', 0),
(2028, 483, 'Barbaros', 0),
(2029, 483, 'Çınar', 0),
(2030, 483, 'Demirkapı', 0),
(2031, 483, 'Fatih Mah.', 0),
(2032, 483, 'Güneşli Bağlar', 0),
(2033, 483, 'Güneşli Eston Kirazlıevler', 0),
(2034, 483, 'Güneşli Evren', 0),
(2035, 483, 'Güneşli Hürriyet', 0),
(2036, 483, 'Haznedar', 0),
(2037, 483, 'İnönü', 0),
(2038, 483, 'Kirazlı Demirkapı', 0),
(2039, 483, 'Kirazlı Fevzi Çakmak', 0),
(2040, 483, 'Kirazlı Yeni Mah.', 0),
(2041, 483, 'Mahmutbey 100.Yıl', 0),
(2042, 483, 'Mahmutbey Göztepe', 0),
(2043, 483, 'Mahmutbey Kemalpaşa', 0),
(2044, 483, 'Mahmutbey Pirireis', 0),
(2045, 483, 'Merkez', 1),
(2046, 483, 'Sancaktepe', 0),
(2047, 483, 'Yavuz Selim', 0),
(2048, 483, 'Yeni Bağcılar Fevzi Çakmak', 0),
(2049, 483, 'Yeni Bağcılar K.Karabekir', 0),
(2050, 483, 'Yenigün', 0),
(2051, 483, 'Yıldıztepe', 0),
(2052, 484, 'Basın Sitesi', 0),
(2053, 484, 'Çalışlar', 0),
(2054, 484, 'Çobançeşme', 0),
(2055, 484, 'Deli Hüseyin Paşa', 0),
(2056, 484, 'Fevzi Çakmak', 0),
(2057, 484, 'Haznedar', 0),
(2058, 484, 'Hürriyet', 0),
(2059, 484, 'İstanbul Evleri', 0),
(2060, 484, 'Kocasinan Cumhuriyet', 0),
(2061, 484, 'Koza Evleri', 0),
(2062, 484, 'Merkez', 1),
(2063, 484, 'Siyavuşpaşa', 0),
(2064, 484, 'Soğanlı', 0),
(2065, 484, 'Şirinevler', 0),
(2066, 484, 'Talatpaşa', 0),
(2067, 484, 'Ünverdi', 0),
(2068, 484, 'Yayla', 0),
(2069, 484, 'Yenibosna', 0),
(2070, 484, 'Zafer', 0),
(2071, 485, 'Adakale', 0),
(2072, 485, 'Ataköy', 0),
(2073, 485, 'Ataköy 1. Kısım', 0),
(2074, 485, 'Ataköy 11. Kısım', 0),
(2075, 485, 'Ataköy 2. Kısım', 0),
(2076, 485, 'Ataköy 3. Kısım', 0),
(2077, 485, 'Ataköy 4. Kısım', 0),
(2078, 485, 'Ataköy 5. Kısım', 0),
(2079, 485, 'Ataköy 7.8. Kısım', 0),
(2080, 485, 'Ataköy 9.10. Kısım', 0),
(2081, 485, 'Bahriye Üçok (7-8-9-10. Kısım)', 0),
(2082, 485, 'Basınköy', 0),
(2083, 485, 'Beşyol', 0),
(2084, 485, 'Cevizlik', 0),
(2085, 485, 'Çamlık', 0),
(2086, 485, 'Çiroz', 0),
(2087, 485, 'Ebuzziya Cad.', 0),
(2088, 485, 'Florya', 0),
(2089, 485, 'Güngören Cad.', 0),
(2090, 485, 'Hatboyu', 0),
(2091, 485, 'İlhan Biber (2-5-6. Kısım)', 0),
(2092, 485, 'İncirli', 0),
(2093, 485, 'İstanbul Cad.', 0),
(2094, 485, 'Kartaltepe', 0),
(2095, 485, 'Merkez', 1),
(2096, 485, 'Osmaniye', 0),
(2097, 485, 'Özgürlük Meydanı', 0),
(2098, 485, 'Rönepark', 0),
(2099, 485, 'Sakızağacı', 0),
(2100, 485, 'Sokullu', 0),
(2101, 485, 'Söğütözü', 0),
(2102, 485, 'Şekerevler', 0),
(2103, 485, 'Şenlikköy', 0),
(2104, 485, 'Şevketiye', 0),
(2105, 485, 'Tandoğan', 0),
(2106, 485, 'Turan Güneş Bulvarı', 0),
(2107, 485, 'Yenimahalle', 0),
(2108, 485, 'Yeşilköy', 0),
(2109, 485, 'Yeşilyurt', 0),
(2110, 485, 'Zeytinlik', 0),
(2111, 485, 'Zuhuratbaba', 0),
(2112, 485, 'Zümrütyuva', 0),
(2113, 486, 'Altıntepsi', 0),
(2114, 486, 'Beşyüzevler', 0),
(2115, 486, 'Cevatpaşa', 0),
(2116, 486, 'Esenler', 0),
(2117, 486, 'İsmetpaşa', 0),
(2118, 486, 'Kartaltepe', 0),
(2119, 486, 'Kocatepe', 0),
(2120, 486, 'Merkez', 1),
(2121, 486, 'Murat Paşa', 0),
(2122, 486, 'Orta Mahalle', 0),
(2123, 486, 'Sağmalcılar', 0),
(2124, 486, 'Terazidere', 0),
(2125, 486, 'Vatan', 0),
(2126, 486, 'Yenidoğan', 0),
(2127, 486, 'Yıldırım Mah.', 0),
(2128, 487, '1. Levent', 0),
(2129, 487, '2. Levent', 0),
(2130, 487, '3. Levent', 0),
(2131, 487, '4. Levent', 0),
(2132, 487, '4. Levent Otoyolcular Sitesi', 0),
(2133, 487, '4. Levent Petekler Sitesi', 0),
(2134, 487, 'Abbasağa', 0),
(2135, 487, 'Abdi İpekçi', 0),
(2136, 487, 'Akatlar', 0),
(2137, 487, 'Alkent Etiler', 0),
(2138, 487, 'Arnavutköy', 0),
(2139, 487, 'Balmumcu', 0),
(2140, 487, 'Bebek', 0),
(2141, 487, 'Büyükhanlı Sitesi', 0),
(2142, 487, 'Cihannüma', 0),
(2143, 487, 'Çırağan', 0),
(2144, 487, 'Darphane', 0),
(2145, 487, 'Dikilitaş', 0),
(2146, 487, 'Ertuğrul (Gayrettepe)', 0),
(2147, 487, 'Esentepe', 0),
(2148, 487, 'Etiler', 0),
(2149, 487, 'Ihlamur', 0),
(2150, 487, 'Konak', 0),
(2151, 487, 'Kuruçeşme', 0),
(2152, 487, 'Kültür', 0),
(2153, 487, 'Levazım', 0),
(2154, 487, 'Levent', 0),
(2155, 487, 'Mecidiye', 0),
(2156, 487, 'Merkez', 1),
(2157, 487, 'Metro City', 0),
(2158, 487, 'Muradiye', 0),
(2159, 487, 'Nispetiye', 0),
(2160, 487, 'Ortaköy', 0),
(2161, 487, 'Sarı Konaklar Sitesi', 0),
(2162, 487, 'Serencebey', 0),
(2163, 487, 'Sinanpaşa', 0),
(2164, 487, 'Topağacı', 0),
(2165, 487, 'Türkali', 0),
(2166, 487, 'Ulus', 0),
(2167, 487, 'Valideçeşme', 0),
(2168, 487, 'Vişnezade', 0),
(2169, 487, 'Yeni Levent', 0),
(2170, 487, 'Yıldız', 0),
(2171, 487, 'Zincirlikuyu', 0),
(2172, 488, 'Acarkent', 0),
(2173, 488, 'Anadolu Feneri', 0),
(2174, 488, 'Anadolu Hisarı', 0),
(2175, 488, 'Anadolu Kavağı', 0),
(2176, 488, 'Askeri Bölge', 0),
(2177, 488, 'Baklacı', 0),
(2178, 488, 'Beykoz Konakları', 0),
(2179, 488, 'Camlıbahçe', 0),
(2180, 488, 'Çavuşbaşı', 0),
(2181, 488, 'Çengeldere', 0),
(2182, 488, 'Çiftlik', 0),
(2183, 488, 'Çiğdem', 0),
(2184, 488, 'Çubuklu', 0),
(2185, 488, 'Göksu', 0),
(2186, 488, 'Göztepe', 0),
(2187, 488, 'Gümüşsuyu', 0),
(2188, 488, 'İncirköy', 0),
(2189, 488, 'Kanlıca', 0),
(2190, 488, 'Kavacık', 0),
(2191, 488, 'Merkez', 1),
(2192, 488, 'Ortaçeşme', 0),
(2193, 488, 'Paşabahçe', 0),
(2194, 488, 'Polenezköy', 0),
(2195, 488, 'Poyrazköy', 0),
(2196, 488, 'Riva', 0),
(2197, 488, 'Rüzgarlıbahçe', 0),
(2198, 488, 'Soğuksu', 0),
(2199, 488, 'Tokatköy', 0),
(2200, 488, 'Yakacık', 0),
(2201, 488, 'Yalıköy', 0),
(2202, 488, 'Yavuz Selim', 0),
(2203, 488, 'Yeni Mahalle', 0),
(2204, 489, 'Arap Cami', 0),
(2205, 489, 'Asmalı Mescit', 0),
(2206, 489, 'Bedrettin', 0),
(2207, 489, 'Bereketzade', 0),
(2208, 489, 'Bostan', 0),
(2209, 489, 'Bülbül', 0),
(2210, 489, 'Camikebir', 0),
(2211, 489, 'Cihangir', 0),
(2212, 489, 'Çatma Mescit', 0),
(2213, 489, 'Çukur', 0),
(2214, 489, 'Elmadağ', 0),
(2215, 489, 'Emekyemez', 0),
(2216, 489, 'Evliya Çelebi', 0),
(2217, 489, 'Faikpaşa', 0),
(2218, 489, 'Fetihtepe', 0),
(2219, 489, 'Fındıklı', 0),
(2220, 489, 'Firuzağa', 0),
(2221, 489, 'Galatasaray', 0),
(2222, 489, 'Gümüşsuyu', 0),
(2223, 489, 'Hacıahmet', 0),
(2224, 489, 'Hacımimi', 0),
(2225, 489, 'Halıcıoğlu', 0),
(2226, 489, 'Hasköy', 0),
(2227, 489, 'Hüseyinağa', 0),
(2228, 489, 'İstiklal', 0),
(2229, 489, 'Kabataş', 0),
(2230, 489, 'Kadı Mehmet Efendi', 0),
(2231, 489, 'Kalyoncu Kulluğu', 0),
(2232, 489, 'Kamankeş Kara Mustafa Paşa', 0),
(2233, 489, 'Kamer Hatun', 0),
(2234, 489, 'Kaptan Paşa', 0),
(2235, 489, 'Karaköy', 0),
(2236, 489, 'Kasımpaşa', 0),
(2237, 489, 'Katip Mustafa Çelebi', 0),
(2238, 489, 'Keçecipiri', 0),
(2239, 489, 'Kılıç Ali Paşa', 0),
(2240, 489, 'Kocatepe', 0),
(2241, 489, 'Kulaksız', 0),
(2242, 489, 'Kuloğlu', 0),
(2243, 489, 'Küçük Piyale', 0),
(2244, 489, 'Merkez', 1),
(2245, 489, 'Müeyyedzade', 0),
(2246, 489, 'Odakule', 0),
(2247, 489, 'Ömer Avni', 0),
(2248, 489, 'Örnektepe', 0),
(2249, 489, 'Piri Paşa', 0),
(2250, 489, 'Piyale Paşa', 0),
(2251, 489, 'Pürtelaş Hasan Efendi', 0),
(2252, 489, 'SıraSelviler', 0),
(2253, 489, 'Sururi Mehmet Efendi', 0),
(2254, 489, 'Sütlüce', 0),
(2255, 489, 'Şahkulu', 0),
(2256, 489, 'Şehit Muhtar', 0),
(2257, 489, 'Taksim', 0),
(2258, 489, 'Tarlabaşı', 0),
(2259, 489, 'Tepebaşı', 0),
(2260, 489, 'Tomtom', 0),
(2261, 489, 'Tophane', 0),
(2262, 489, 'Tünel', 0),
(2263, 489, 'Yahya Kahya', 0),
(2264, 489, 'Yenişehir', 0),
(2265, 490, 'Adakent', 0),
(2266, 490, 'Adnan Kahveci', 0),
(2267, 490, 'Ahmediye', 0),
(2268, 490, 'Alkent 2000', 0),
(2269, 490, 'Atatürk', 0),
(2270, 490, 'Bahçelievler', 0),
(2271, 490, 'Bahçeşehir', 0),
(2272, 490, 'Basındoğa Sitesi', 0),
(2273, 490, 'Batıköy', 0),
(2274, 490, 'Beykent Emincan Yapı Koop.', 0),
(2275, 490, 'Beykent Lider Kent Konut.', 0),
(2276, 490, 'Beykent Yeşil Kent 1', 0),
(2277, 490, 'Beykent Yeşil Kent 2', 0),
(2278, 490, 'Beykent Yeşil Kent 3', 0),
(2279, 490, 'Beylikdüzü', 0),
(2280, 490, 'Bizimkent', 0),
(2281, 490, 'Boğazköy', 0),
(2282, 490, 'Büyükçekmece Konakları', 0),
(2283, 490, 'Büyükşehir A Mahallesi', 0),
(2284, 490, 'Büyükşehir B Mahallesi', 0),
(2285, 490, 'Büyükşehir C Mahallesi', 0),
(2286, 490, 'Cumhuriyet', 0),
(2287, 490, 'Çakmaklı', 0),
(2288, 490, 'Demirkan Sitesi', 0),
(2289, 490, 'Dereağzı', 0),
(2290, 490, 'Dizdariye', 0),
(2291, 490, 'Emincan Sitesi', 0),
(2292, 490, 'Esenkent', 0),
(2293, 490, 'Eston Ardıçlı Evler', 0),
(2294, 490, 'Fatih Mah.', 0),
(2295, 490, 'Gürpınar', 0),
(2296, 490, 'Gürpınar Parkova Sitesi', 0),
(2297, 490, 'Güzelce', 0),
(2298, 490, 'Hadımköy', 0),
(2299, 490, 'Haramidere', 0),
(2300, 490, 'Hürriyet', 0),
(2301, 490, 'İhlas Marmara Evleri 1. Kısım', 0),
(2302, 490, 'İhlas Marmara Evleri 2. Kısım', 0),
(2303, 490, 'İncirtepe', 0),
(2304, 490, 'İnönü', 0),
(2305, 490, 'Jetkent', 0),
(2306, 490, 'Karaağaç', 0),
(2307, 490, 'Kavaklı', 0),
(2308, 490, 'Kıraç', 0),
(2309, 490, 'Kumburgaz', 0),
(2310, 490, 'Marmara', 0),
(2311, 490, 'Mega Kent', 0),
(2312, 490, 'Mehter Çeşme', 0),
(2313, 490, 'Merkez', 1),
(2314, 490, 'Migros Arkası', 0),
(2315, 490, 'Mimaroba', 0),
(2316, 490, 'Murat Çeşme', 0),
(2317, 490, 'Namık Kemal', 0),
(2318, 490, 'Ondokuz Mayıs', 0),
(2319, 490, 'Örnek', 0),
(2320, 490, 'Palmiye Evleri', 0),
(2321, 490, 'Parlamenterler Sitesi', 0),
(2322, 490, 'Pınartepe', 0),
(2323, 490, 'Saadet Dere', 0),
(2324, 490, 'Sahil', 0),
(2325, 490, 'Sinanoba', 0),
(2326, 490, 'Talatpaşa', 0),
(2327, 490, 'TEVD Sağlık Sitesi', 0),
(2328, 490, 'Türkoba', 0),
(2329, 490, 'Ulus', 0),
(2330, 490, 'Yakuplu', 0),
(2331, 490, 'Yenikent', 0),
(2332, 490, 'Yenimahalle', 0),
(2333, 491, 'Akalan', 0),
(2334, 491, 'Atatürk', 0),
(2335, 491, 'Bahsayış', 0),
(2336, 491, 'Cami', 0),
(2337, 491, 'Çakıl', 0),
(2338, 491, 'Çanakça', 0),
(2339, 491, 'Deliklikaya', 0),
(2340, 491, 'Dursunköy', 0),
(2341, 491, 'Durusu (Terkos)', 0),
(2342, 491, 'Elbasan', 0),
(2343, 491, 'Fatih', 0),
(2344, 491, 'Ferhatpaşa', 0),
(2345, 491, 'Gökçeali', 0),
(2346, 491, 'Hastane', 0),
(2347, 491, 'İhsaniye', 0),
(2348, 491, 'İnceğiz', 0),
(2349, 491, 'İstasyon', 0),
(2350, 491, 'İzzettin', 0),
(2351, 491, 'Kabakça', 0),
(2352, 491, 'Kestanelik', 0),
(2353, 491, 'Merkez', 1),
(2354, 491, 'Nakkaş', 0),
(2355, 491, 'Oklalı', 0),
(2356, 491, 'Orcunlu', 0),
(2357, 491, 'Ovayenice', 0),
(2358, 491, 'Ömerli', 0),
(2359, 491, 'Sazlıbosna', 0),
(2360, 491, 'Subaşı', 0),
(2361, 491, 'Yazlık', 0),
(2362, 491, 'Yeşilbayır', 0),
(2363, 491, 'Zafer', 0),
(2364, 492, 'Aksaray', 0),
(2365, 492, 'Alemdar', 0),
(2366, 492, 'Balabanağa', 0),
(2367, 492, 'Beyazıt', 0),
(2368, 492, 'Binbir Direk', 0),
(2369, 492, 'Cağaloğlu', 0),
(2370, 492, 'Cankurtaran', 0),
(2371, 492, 'Cerrahpaşa', 0),
(2372, 492, 'Çapa', 0),
(2373, 492, 'Çemberlitaş', 0),
(2374, 492, 'Demirtaş', 0),
(2375, 492, 'Emin Sinan', 0),
(2376, 492, 'Fındıklı', 0),
(2377, 492, 'Fındıkzade', 0),
(2378, 492, 'Gülhane', 0),
(2379, 492, 'Hacı Kadın', 0),
(2380, 492, 'Hobyar', 0),
(2381, 492, 'Hoca Gıyasettin', 0),
(2382, 492, 'Hocapaşa', 0),
(2383, 492, 'Kalenderhane', 0),
(2384, 492, 'Karaköy', 0),
(2385, 492, 'Katip Kasım', 0),
(2386, 492, 'Kemal Paşa', 0),
(2387, 492, 'Kumkapı', 0),
(2388, 492, 'Küçük Ayasofya', 0),
(2389, 492, 'Laleli', 0),
(2390, 492, 'Mercan', 0),
(2391, 492, 'Merkez', 1),
(2392, 492, 'Mesih Paşa', 0),
(2393, 492, 'Mimar Hayrettin', 0),
(2394, 492, 'Mimar Kemalettin', 0),
(2395, 492, 'Molla Fenari', 0),
(2396, 492, 'Molla Hüsrev', 0),
(2397, 492, 'Muhsine Hatun', 0),
(2398, 492, 'Nişanca', 0),
(2399, 492, 'Rüstem Paşa', 0),
(2400, 492, 'Samatya', 0),
(2401, 492, 'Saraçishak', 0),
(2402, 492, 'Sarıdemir', 0),
(2403, 492, 'Sirkeci', 0),
(2404, 492, 'Sultanahmet', 0),
(2405, 492, 'Sururi', 0),
(2406, 492, 'Süleymaniye', 0),
(2407, 492, 'Şehremini', 0),
(2408, 492, 'Şehsuvar Bey', 0),
(2409, 492, 'Şehzabaşı', 0),
(2410, 492, 'Şişhane', 0),
(2411, 492, 'Tahtakale', 0),
(2412, 492, 'Taya Hatun', 0),
(2413, 492, 'Vefa', 0),
(2414, 492, 'Yavuz Sinan', 0),
(2415, 492, 'Yenikapı', 0),
(2416, 493, 'Askeri Bölge', 0),
(2417, 493, 'Başakşehir', 0),
(2418, 493, 'Başakşehir 1. Etap', 0),
(2419, 493, 'Başakşehir 2. Etap', 0),
(2420, 493, 'Başakşehir 4. Etap', 0),
(2421, 493, 'Birlik Mah.', 0),
(2422, 493, 'Davutpaşa', 0),
(2423, 493, 'Fatih Mah.', 0),
(2424, 493, 'Fevzi Çakmak', 0),
(2425, 493, 'Habibler', 0),
(2426, 493, 'Havaalanı', 0),
(2427, 493, 'Karabayır Mah.', 0),
(2428, 493, 'Kazım Karabekir', 0),
(2429, 493, 'Kemer', 0),
(2430, 493, 'Menderes', 0),
(2431, 493, 'Merkez', 1),
(2432, 493, 'Mimar Sinan', 0),
(2433, 493, 'Namık Kemal', 0),
(2434, 493, 'Nine Hatun', 0),
(2435, 493, 'Oruç Reis', 0),
(2436, 493, 'Turgut Reis', 0),
(2437, 493, 'Yavuz Selim', 0),
(2438, 494, 'Esenkent', 0),
(2439, 494, 'Merkez', 1),
(2440, 494, 'Şelale Evleri', 0),
(2441, 495, 'Akşemsettin', 0),
(2442, 495, 'Alibeyköy', 0),
(2443, 495, 'Burgaz Evleri', 0),
(2444, 495, 'Çırçır', 0),
(2445, 495, 'Defterdar', 0),
(2446, 495, 'Düğmeciler', 0),
(2447, 495, 'Emniyettepe', 0),
(2448, 495, 'Esentepe', 0),
(2449, 495, 'Güzeltepe (Askeri Bölge)', 0),
(2450, 495, 'İslambey', 0),
(2451, 495, 'Karadolap', 0),
(2452, 495, 'Kemer Country', 0),
(2453, 495, 'Kemerburgaz', 0),
(2454, 495, 'Merkez', 1),
(2455, 495, 'Mimar Sinan Paşa', 0),
(2456, 495, 'Mithat Paşa', 0),
(2457, 495, 'Nişancı Mustafa', 0),
(2458, 495, 'Rami Cuma', 0),
(2459, 495, 'Rami Yeni', 0),
(2460, 495, 'Sakarya', 0),
(2461, 495, 'Silahtar Ağa', 0),
(2462, 495, 'Topçular', 0),
(2463, 495, 'Yayla', 0),
(2464, 495, 'Yeşilpınar', 0),
(2465, 496, 'Abdi Çelebi', 0),
(2466, 496, 'Abdi Subaşı', 0),
(2467, 496, 'Akdeniz', 0),
(2468, 496, 'Aksaray', 0),
(2469, 496, 'Ali Faki', 0),
(2470, 496, 'Arabacı Beyazıt', 0),
(2471, 496, 'Arpacı Emin', 0),
(2472, 496, 'Atik Mustafa Paşa', 0),
(2473, 496, 'Avcıbey', 0),
(2474, 496, 'Baba Hasan Alemi', 0),
(2475, 496, 'Balat', 0),
(2476, 496, 'Balat Karabaş', 0),
(2477, 496, 'Beyazıt Ağa', 0),
(2478, 496, 'Beyceğiz', 0),
(2479, 496, 'Cambaziye', 0),
(2480, 496, 'Cibali', 0),
(2481, 496, 'Çakır Ağa', 0),
(2482, 496, 'Deniz Abdal', 0),
(2483, 496, 'Derviş Ali', 0),
(2484, 496, 'Edirnekapı', 0),
(2485, 496, 'Edirnekapı', 0),
(2486, 496, 'Ereğli', 0),
(2487, 496, 'Fatma Sultan', 0),
(2488, 496, 'Fener', 0),
(2489, 496, 'Fevzipaşa', 0),
(2490, 496, 'Fındıkzade', 0),
(2491, 496, 'Gureba Hüseyin Ağa', 0),
(2492, 496, 'Hacı Evhadettin', 0),
(2493, 496, 'Halıcılar', 0),
(2494, 496, 'Haliç', 0),
(2495, 496, 'Hamami Muhittin', 0),
(2496, 496, 'Haraccı Kara Mehmet', 0),
(2497, 496, 'Hasan Halife', 0),
(2498, 496, 'Hatice Sultan', 0),
(2499, 496, 'Hatip Musluhittin', 0),
(2500, 496, 'Haydar', 0),
(2501, 496, 'Hızır Çavuş', 0),
(2502, 496, 'Hoca Üveyz', 0),
(2503, 496, 'Horhor', 0),
(2504, 496, 'Hüsam Bey', 0),
(2505, 496, 'İbrahim Çavuş', 0),
(2506, 496, 'İmrahor', 0),
(2507, 496, 'İnebey', 0),
(2508, 496, 'İskender Paşa', 0),
(2509, 496, 'Karadeniz Cad.', 0),
(2510, 496, 'Karagümrük', 0),
(2511, 496, 'Karye-i Atik', 0),
(2512, 496, 'Kasap Demirhun', 0),
(2513, 496, 'Kasap İlyas', 0),
(2514, 496, 'Kasım Gönani', 0),
(2515, 496, 'Katip Musluhittin', 0),
(2516, 496, 'Keçeci Karabaş', 0),
(2517, 496, 'Keçi Hatun', 0),
(2518, 496, 'Kırık Çeşme', 0),
(2519, 496, 'Kırmasti', 0),
(2520, 496, 'Kıztaşı', 0),
(2521, 496, 'Koca Dede', 0),
(2522, 496, 'Kocamustafapaşa', 0),
(2523, 496, 'Kocasinan', 0),
(2524, 496, 'Küçük Mustafa Paşa', 0),
(2525, 496, 'Kürkçübaşı', 0),
(2526, 496, 'Macar Kardeşler', 0),
(2527, 496, 'Melek Hatun', 0),
(2528, 496, 'Merkez', 1),
(2529, 496, 'Mimar Sinan', 0),
(2530, 496, 'Molla Aşkı', 0),
(2531, 496, 'Molla Şeref', 0),
(2532, 496, 'Muhtesip İskender', 0),
(2533, 496, 'Murat Paşa', 0),
(2534, 496, 'Müftü Ali', 0),
(2535, 496, 'N.İbrahimpaşa Cad.', 0),
(2536, 496, 'Neslişah', 0),
(2537, 496, 'Nevbahar', 0),
(2538, 496, 'Ördek Kasap', 0),
(2539, 496, 'Rami', 0),
(2540, 496, 'Samatya', 0),
(2541, 496, 'Sancaktar Hayrettin', 0),
(2542, 496, 'Sarıgüzel', 0),
(2543, 496, 'Seyit Ömer', 0),
(2544, 496, 'Sinan Ağa', 0),
(2545, 496, 'Sofular', 0),
(2546, 496, 'Şeyh Resmi', 0),
(2547, 496, 'Tevkii Cafer', 0),
(2548, 496, 'Topkapı', 0),
(2549, 496, 'Unkapanı', 0),
(2550, 496, 'Uzun Yusuf', 0),
(2551, 496, 'Veledi Karabaş', 0),
(2552, 496, 'Yalı', 0),
(2553, 496, 'Yavuz Selim', 0),
(2554, 497, 'Arnavutköy', 0),
(2555, 497, 'Bağlarbaşı', 0),
(2556, 497, 'Beşyüzevler', 0),
(2557, 497, 'Cebeci', 0),
(2558, 497, 'Cumhuriyet', 0),
(2559, 497, 'Çukurçeşme', 0),
(2560, 497, 'Ellinci Yıl', 0),
(2561, 497, 'Esentepe', 0),
(2562, 497, 'Fevzi Çakmak', 0),
(2563, 497, 'Gazi Mah.', 0),
(2564, 497, 'Habibler', 0),
(2565, 497, 'Hürriyet', 0),
(2566, 497, 'İsmet Paşa', 0),
(2567, 497, 'Karayolları', 0),
(2568, 497, 'Karlıtepe', 0),
(2569, 497, 'Kazım Karabekir', 0),
(2570, 497, 'Küçükköy', 0),
(2571, 497, 'Merkez', 1),
(2572, 497, 'Pazariçi', 0),
(2573, 497, 'Sarıgöl', 0),
(2574, 497, 'Sultançiftliği', 0),
(2575, 497, 'Sultançiftliği', 0),
(2576, 497, 'Şemsipaşa', 0),
(2577, 497, 'Uğur Mumcu', 0),
(2578, 497, 'Yenidoğan', 0),
(2579, 497, 'Yıldız Tabya', 0),
(2580, 497, 'Zübeyde', 0),
(2581, 498, 'Abdurrahman Nafiz Gürman', 0),
(2582, 498, 'Akıncılar', 0),
(2583, 498, 'Camlıkahve', 0),
(2584, 498, 'Çifte Havuzlar', 0),
(2585, 498, 'Genç Osman', 0),
(2586, 498, 'Güneştepe', 0),
(2587, 498, 'Güven Mah.', 0),
(2588, 498, 'Haznedar', 0),
(2589, 498, 'İnönü Cad.', 0),
(2590, 498, 'Mareşal Çakmak', 0),
(2591, 498, 'Mehmet Nezihi Özmen', 0),
(2592, 498, 'Merkez', 1),
(2593, 498, 'Merter', 0),
(2594, 498, 'Sanayi', 0),
(2595, 498, 'Tozkoparan', 0),
(2596, 498, 'Üçyüzlü', 0),
(2597, 499, 'Alt Bostancı', 0),
(2598, 499, 'Altıyol', 0),
(2599, 499, 'Ataşehir', 0),
(2600, 499, 'Atatürk', 0),
(2601, 499, 'Ayşekadın', 0),
(2602, 499, 'Bahariye', 0),
(2603, 499, 'Barbaros', 0),
(2604, 499, 'Bostancı', 0),
(2605, 499, 'Cadde bostan', 0),
(2606, 499, 'Caferağa', 0),
(2607, 499, 'Çatalçeşme', 0),
(2608, 499, 'Çiftehavuzlar', 0),
(2609, 499, 'Dalyan', 0),
(2610, 499, 'Dumlupınar', 0),
(2611, 499, 'Eğitim', 0),
(2612, 499, 'Erenköy', 0),
(2613, 499, 'Fenerbahçe', 0),
(2614, 499, 'Feneryolu', 0),
(2615, 499, 'Fikirtepe', 0),
(2616, 499, 'Göztepe', 0),
(2617, 499, 'Halitağa', 0),
(2618, 499, 'Hasanpaşa', 0),
(2619, 499, 'Haydarpaşa', 0),
(2620, 499, 'Hilal Konakları', 0),
(2621, 499, 'İbrahimağa', 0),
(2622, 499, 'İçerenköy', 0),
(2623, 499, 'İnönü', 0),
(2624, 499, 'Kalamış', 0),
(2625, 499, 'Kayışdağı', 0),
(2626, 499, 'Kızıltoprak', 0),
(2627, 499, 'Koşuyolu', 0),
(2628, 499, 'Kozyatağı', 0),
(2629, 499, 'Kuşdili', 0),
(2630, 499, 'Kuyubaşı', 0),
(2631, 499, 'Küçük bakkalköy', 0),
(2632, 499, 'Merdivenköy', 0),
(2633, 499, 'Merkez', 1),
(2634, 499, 'Misakı Milli', 0),
(2635, 499, 'Moda', 0),
(2636, 499, 'Ondokuz Mayıs', 0),
(2637, 499, 'Osman Ağa', 0),
(2638, 499, 'Rasim Paşa', 0),
(2639, 499, 'Rıhtım', 0),
(2640, 499, 'Sahra-i Cedid', 0),
(2641, 499, 'Selamiçeşme', 0),
(2642, 499, 'Söğütlüçeşme', 0),
(2643, 499, 'Suadiye', 0),
(2644, 499, 'Şaşkınbakkal', 0),
(2645, 499, 'Şenesenevler', 0),
(2646, 499, 'Üst Bostancı', 0),
(2647, 499, 'Yeldeğirmeni', 0),
(2648, 499, 'Yeni Sahra', 0),
(2649, 499, 'Ziverbey', 0),
(2650, 499, 'Zühtü Paşa', 0),
(2651, 500, 'Başak Konutları', 0),
(2652, 500, 'Cendere', 0),
(2653, 500, 'Çağlayan', 0),
(2654, 500, 'Çeliktepe', 0),
(2655, 500, 'Emniyet Evleri', 0),
(2656, 500, 'Gültepe', 0),
(2657, 500, 'Gürsel', 0),
(2658, 500, 'Harmantepe', 0),
(2659, 500, 'Hürriyet', 0),
(2660, 500, 'Merkez', 1),
(2661, 500, 'Ortabayır', 0),
(2662, 500, 'Sadabat Evleri', 0),
(2663, 500, 'Sanayi', 0),
(2664, 500, 'Seyrantepe', 0),
(2665, 500, 'Şirintepe', 0),
(2666, 500, 'Talatpaşa', 0),
(2667, 500, 'Telsizler', 0),
(2668, 500, 'Yahya Kemal', 0),
(2669, 500, 'Yeşilce', 0),
(2670, 501, 'Cevizli', 0),
(2671, 501, 'Cumhuriyet', 0),
(2672, 501, 'Çarşı', 0),
(2673, 501, 'Çavuşoğlu', 0),
(2674, 501, 'Dragos', 0),
(2675, 501, 'Esentepe', 0),
(2676, 501, 'Gümüşpınar', 0),
(2677, 501, 'Hürriyet', 0),
(2678, 501, 'Karlıktepe', 0),
(2679, 501, 'Kordonboyu', 0),
(2680, 501, 'Merkez', 1),
(2681, 501, 'Orhantepe', 0),
(2682, 501, 'Ortabayır', 0),
(2683, 501, 'Paşaköy', 0),
(2684, 501, 'Pendik', 0),
(2685, 501, 'Petrol İş', 0),
(2686, 501, 'Rahmanlar', 0),
(2687, 501, 'Samandıra', 0),
(2688, 501, 'Soğanlık', 0),
(2689, 501, 'Topselvi', 0),
(2690, 501, 'Uğur Mumcu', 0),
(2691, 501, 'Yakacık', 0),
(2692, 501, 'Yalı', 0),
(2693, 501, 'Yeni Mahalle', 0),
(2694, 501, 'Yukarı Mahalle', 0),
(2695, 502, 'Askeri Bölge', 0),
(2696, 502, 'Atatürk', 0),
(2697, 502, 'Beşyol', 0),
(2698, 502, 'Cennet', 0),
(2699, 502, 'Cumhuriyet', 0),
(2700, 502, 'Esenler 1. Etap', 0),
(2701, 502, 'Esenler 2. Etap', 0),
(2702, 502, 'Fatih', 0),
(2703, 502, 'Fevzi Çakmak', 0),
(2704, 502, 'Gültepe', 0),
(2705, 502, 'Halkalı Altınşehir', 0),
(2706, 502, 'Halkalı İstasyon', 0),
(2707, 502, 'Halkalı Toplu Konutlar', 0),
(2708, 502, 'İkitelli', 0),
(2709, 502, 'Kanarya', 0),
(2710, 502, 'Kartaltepe', 0),
(2711, 502, 'Kayabaşı', 0),
(2712, 502, 'Kemalpaşa', 0),
(2713, 502, 'Mehmet Akif', 0),
(2714, 502, 'Merkez', 1),
(2715, 502, 'Org. San. Böl.', 0),
(2716, 502, 'Sefaköy', 0),
(2717, 502, 'Sefaköy', 0),
(2718, 502, 'Soyak Olympiakent', 0),
(2719, 502, 'Söğütlü Çeşme', 0),
(2720, 502, 'Şamlar', 0),
(2721, 502, 'Tevfik Fikret', 0),
(2722, 502, 'Yeni Mahalle', 0),
(2723, 502, 'Yeşilova', 0),
(2724, 502, 'Ziya Gökalp', 0),
(2725, 503, 'Adatepe', 0),
(2726, 503, 'Altayçeşme', 0),
(2727, 503, 'Altıntepe', 0),
(2728, 503, 'Askeri Bölge', 0),
(2729, 503, 'Aydınevler', 0),
(2730, 503, 'Bağlarbaşı', 0),
(2731, 503, 'Başıbüyük', 0),
(2732, 503, 'Büyükbakkalköy', 0),
(2733, 503, 'Cevizli', 0),
(2734, 503, 'Çınar', 0),
(2735, 503, 'Dragos', 0),
(2736, 503, 'Esenkent', 0),
(2737, 503, 'Ferhatpaşa', 0),
(2738, 503, 'Feyzullah', 0),
(2739, 503, 'Fındıklı', 0),
(2740, 503, 'Girne', 0),
(2741, 503, 'Gülensu', 0),
(2742, 503, 'Gülsuyu', 0),
(2743, 503, 'İdealtepe', 0),
(2744, 503, 'Küçükyalı', 0),
(2745, 503, 'Merkez', 1),
(2746, 503, 'Süreyya Plajı', 0),
(2747, 503, 'Yalı', 0),
(2748, 503, 'Zümrütevler', 0),
(2749, 504, 'Ahmet Yesevi', 0),
(2750, 504, 'Aydos Evleri', 0),
(2751, 504, 'Bahçelievler', 0),
(2752, 504, 'Batı', 0),
(2753, 504, 'Çamçeşme', 0),
(2754, 504, 'Çınardere', 0),
(2755, 504, 'Doğu', 0),
(2756, 504, 'Dolayoba Sos. Konut.', 0),
(2757, 504, 'Dolayoba Taşlıbayır Konut.', 0),
(2758, 504, 'Dumlupınar', 0),
(2759, 504, 'Ertuğrulgazi', 0),
(2760, 504, 'Esenyalı', 0),
(2761, 504, 'Fatih', 0),
(2762, 504, 'Fevzi Çakmak', 0),
(2763, 504, 'Güllübağlar', 0),
(2764, 504, 'Güzel Yalı', 0),
(2765, 504, 'Harmandere', 0),
(2766, 504, 'Kavakpınar', 0),
(2767, 504, 'Kaynarca', 0),
(2768, 504, 'Kurtdoğmuş Köyü', 0),
(2769, 504, 'Kurtköy', 0),
(2770, 504, 'Merkez', 1),
(2771, 504, 'Orhangazi', 0),
(2772, 504, 'Orta Mahalle', 0),
(2773, 504, 'Ömerli', 0),
(2774, 504, 'Ramazanoğlu', 0),
(2775, 504, 'Sapan Bağları', 0),
(2776, 504, 'Sülüntepe', 0),
(2777, 504, 'Şeyhli', 0),
(2778, 504, 'Şeyhli Hilal Konutları', 0),
(2779, 504, 'Uydukent', 0),
(2780, 504, 'Veli Baba', 0),
(2781, 504, 'Yayalar', 0),
(2782, 504, 'Yeni Mahalle', 0),
(2783, 504, 'Yeşilbağlar', 0),
(2784, 505, 'Askeri Bölge', 0),
(2785, 505, 'Atlantis Konutları', 0),
(2786, 505, 'Bahçeköy', 0),
(2787, 505, 'Baltalimanı', 0),
(2788, 505, 'Büyükdere', 0),
(2789, 505, 'Büyükdere', 0),
(2790, 505, 'Cumhuriyet', 0),
(2791, 505, 'Çamlıtepe', 0),
(2792, 505, 'Çayırbaşı', 0),
(2793, 505, 'Dağevleri', 0),
(2794, 505, 'Darüşşafaka', 0),
(2795, 505, 'Demirciköy', 0),
(2796, 505, 'Derbent', 0),
(2797, 505, 'Emirgan', 0),
(2798, 505, 'Fatih Sultan Mehmet', 0),
(2799, 505, 'Ferahevler', 0),
(2800, 505, 'Garipçe', 0),
(2801, 505, 'Gazeteciler Sitesi', 0),
(2802, 505, 'Hisarüstü', 0),
(2803, 505, 'İstinye', 0),
(2804, 505, 'İstinye Boğaziçi Evleri', 0),
(2805, 505, 'Kilyos', 0),
(2806, 505, 'Kilyos', 0),
(2807, 505, 'Kireçburnu', 0),
(2808, 505, 'Kocataş', 0),
(2809, 505, 'Kocatepe', 0),
(2810, 505, 'Koru Evleri', 0),
(2811, 505, 'Maden', 0),
(2812, 505, 'Merkez', 1),
(2813, 505, 'P.T.T. Evleri', 0),
(2814, 505, 'Pınar Mah.', 0),
(2815, 505, 'Poligon', 0),
(2816, 505, 'Reşitpaşa', 0),
(2817, 505, 'Rumeli Feneri', 0),
(2818, 505, 'Rumeli Hisarı', 0),
(2819, 505, 'Rumeli Kavağı', 0),
(2820, 505, 'Simpaş Konutları', 0),
(2821, 505, 'Tarabya', 0),
(2822, 505, 'Uskumruköy', 0),
(2823, 505, 'Yeniköy', 0),
(2824, 505, 'Yenimahalle', 0),
(2825, 505, 'Yonca Evleri', 0),
(2826, 505, 'Zekeriyaköy', 0),
(2827, 505, 'Zekeriyaköy Konutları', 0),
(2828, 505, 'Zümrütevler', 0),
(2829, 506, 'Büyük Sinekli Köyü', 0),
(2830, 506, 'Değirmenköy', 0),
(2831, 506, 'Gümüşyaka', 0),
(2832, 506, 'Kınalı', 0),
(2833, 506, 'Merkez', 1),
(2834, 506, 'Ortaköy', 0),
(2835, 507, 'Fatih', 0),
(2836, 507, 'Gazi', 0),
(2837, 507, 'Mehmet Akif', 0),
(2838, 507, 'Merkez', 1),
(2839, 507, 'Turgutreis', 0),
(2840, 507, 'Tüyap Beylik Düzü', 0),
(2841, 508, 'Ağlayankaya', 0),
(2842, 508, 'Ağva', 0),
(2843, 508, 'Ahmetli Köyü', 0),
(2844, 508, 'Akçakese Köyü', 0),
(2845, 508, 'Balibey', 0),
(2846, 508, 'İmrenli', 0),
(2847, 508, 'Kumbaba', 0),
(2848, 508, 'Merkez', 1),
(2849, 508, 'Ulupelit Köyü', 0),
(2850, 508, 'Yeşilvadi', 0),
(2851, 509, 'Ayazağa', 0),
(2852, 509, 'Bozkurt', 0),
(2853, 509, 'Cumhuriyet', 0),
(2854, 509, 'Çağlayan', 0),
(2855, 509, 'Çifte Cevizler', 0),
(2856, 509, 'Çiftecevizler', 0),
(2857, 509, 'Duatepe', 0),
(2858, 509, 'Elmadağ', 0),
(2859, 509, 'Esentepe', 0),
(2860, 509, 'Feriköy', 0),
(2861, 509, 'Fulya', 0),
(2862, 509, 'Gayrettepe', 0),
(2863, 509, 'Gülbağ', 0),
(2864, 509, 'Gülbahar', 0),
(2865, 509, 'Halaskargazi', 0),
(2866, 509, 'Halide Edip Adıvar', 0),
(2867, 509, 'Halil Rıfat Paşa', 0),
(2868, 509, 'Harbiye', 0),
(2869, 509, 'Huzur', 0),
(2870, 509, 'İnönü', 0),
(2871, 509, 'İzzet Paşa', 0),
(2872, 509, 'Kaptan Paşa', 0),
(2873, 509, 'Kurtuluş', 0),
(2874, 509, 'Kuştepe', 0),
(2875, 509, 'Maçka', 0),
(2876, 509, 'Mahmut Şevket', 0),
(2877, 509, 'Maslak', 0),
(2878, 509, 'Mecidiyeköy', 0),
(2879, 509, 'Mecidiyeköy Marmara Sitesi', 0),
(2880, 509, 'Mecidiyeköy Profilo', 0),
(2881, 509, 'Merkez', 1),
(2882, 509, 'Mesa Maslak Evleri', 0),
(2883, 509, 'Meşrutiyet', 0),
(2884, 509, 'Nişantaşı', 0),
(2885, 509, 'Okmeydanı', 0),
(2886, 509, 'Ondokuz Mayıs', 0),
(2887, 509, 'Osmanbey', 0),
(2888, 509, 'Pangaltı', 0),
(2889, 509, 'Paşa', 0),
(2890, 509, 'Seyrantepe', 0),
(2891, 509, 'Teşvikiye', 0),
(2892, 509, 'Topağacı', 0),
(2893, 509, 'Yayla', 0),
(2894, 509, 'Zincirlikuyu', 0),
(2895, 510, 'Aydınlı', 0),
(2896, 510, 'Aydıntepe', 0),
(2897, 510, 'Bayramoğlu', 0),
(2898, 510, 'Cami', 0),
(2899, 510, 'Çamlıbel', 0),
(2900, 510, 'Evliya Çelebi', 0),
(2901, 510, 'İçmeler', 0),
(2902, 510, 'İstasyon', 0),
(2903, 510, 'Merkez', 1),
(2904, 510, 'Mimarsinan', 0),
(2905, 510, 'Postahane', 0),
(2906, 510, 'Postane', 0),
(2907, 510, 'Şifa', 0),
(2908, 510, 'Tepeören', 0),
(2909, 510, 'Üçmeşeler', 0),
(2910, 510, 'Yayla', 0),
(2911, 511, 'Alemdağ', 0),
(2912, 511, 'Alemdar', 0),
(2913, 511, 'Aqua City', 0),
(2914, 511, 'Aqua Manors', 0),
(2915, 511, 'Aşağı Dudullu', 0),
(2916, 511, 'Atakent', 0),
(2917, 511, 'Atatürk', 0),
(2918, 511, 'Çakmak', 0),
(2919, 511, 'Çekmeköy', 0),
(2920, 511, 'Dudullu', 0),
(2921, 511, 'Ekşioğlu Beşyıldız', 0),
(2922, 511, 'Esenşehir', 0),
(2923, 511, 'Hekimbaşı', 0),
(2924, 511, 'Ihlamurkuyu', 0),
(2925, 511, 'İnkilap', 0),
(2926, 511, 'İstiklal', 0),
(2927, 511, 'Kazım Karabekir', 0),
(2928, 511, 'Merkez', 1),
(2929, 511, 'Mustafa Kemal', 0),
(2930, 511, 'Namık Kemal', 0),
(2931, 511, 'Ömerli', 0),
(2932, 511, 'Polonezköy', 0),
(2933, 511, 'Reşadiye', 0),
(2934, 511, 'Sarıgazi', 0),
(2935, 511, 'Soyak Yenişehir', 0),
(2936, 511, 'Taşdelen', 0),
(2937, 511, 'Tepeüstü', 0),
(2938, 511, 'Y.Çamlıca', 0),
(2939, 511, 'Yukarı Dudullu', 0),
(2940, 512, 'Abdullahağa', 0),
(2941, 512, 'Acıbadem', 0),
(2942, 512, 'Ahçıbaşı', 0),
(2943, 512, 'Ahmet Çelebi', 0),
(2944, 512, 'Altunizade', 0),
(2945, 512, 'Arakiyeci Hacı Cafer', 0),
(2946, 512, 'Arakiyeci Hacı Mehmet', 0),
(2947, 512, 'Ata - 2', 0),
(2948, 512, 'Ayazma', 0),
(2949, 512, 'Bağlarbaşı', 0),
(2950, 512, 'Bahçelievler', 0),
(2951, 512, 'Barbaros', 0),
(2952, 512, 'Beylerbeyi', 0),
(2953, 512, 'Bulgurlu', 0),
(2954, 512, 'Burhaniye', 0),
(2955, 512, 'Cumhuriyet', 0),
(2956, 512, 'Çamlıca', 0),
(2957, 512, 'Çamlıktepe', 0),
(2958, 512, 'Çengelköy', 0),
(2959, 512, 'Emek', 0),
(2960, 512, 'Emniyet', 0),
(2961, 512, 'Esatpaşa', 0),
(2962, 512, 'Ferah', 0),
(2963, 512, 'Fetih', 0),
(2964, 512, 'Fıstıkağacı', 0),
(2965, 512, 'Gülfem Hatun', 0),
(2966, 512, 'Güzeltepe', 0),
(2967, 512, 'Hacı Hesna Hatun', 0),
(2968, 512, 'Harem', 0),
(2969, 512, 'Havuzbaşı', 0),
(2970, 512, 'Hayrettin Çavuş', 0),
(2971, 512, 'İcadiye', 0),
(2972, 512, 'İhsaniye', 0),
(2973, 512, 'İmrahor Salacak', 0),
(2974, 512, 'İnkilap', 0),
(2975, 512, 'Kandilli', 0),
(2976, 512, 'Kepçedede', 0),
(2977, 512, 'Kısıklı', 0),
(2978, 512, 'Kirazlıtepe', 0),
(2979, 512, 'Kuleli', 0),
(2980, 512, 'Kuzguncuk', 0),
(2981, 512, 'Küçüksu', 0),
(2982, 512, 'Küplüce', 0),
(2983, 512, 'Libadiye', 0),
(2984, 512, 'Murat Reis', 0),
(2985, 512, 'Nakkaştepe', 0),
(2986, 512, 'Örnektepe', 0),
(2987, 512, 'Pazarbaşı', 0),
(2988, 512, 'Rumimehmet Paşa', 0),
(2989, 512, 'Selami Ali', 0),
(2990, 512, 'Selimiye', 0),
(2991, 512, 'Selman Ağa', 0),
(2992, 512, 'Solak Sinan', 0),
(2993, 512, 'Sultantepe', 0),
(2994, 512, 'Tabaklar', 0),
(2995, 512, 'Tavasi Hasan Ağa', 0),
(2996, 512, 'Tembel Hacı Mehmet', 0),
(2997, 512, 'Toygar Hamza', 0),
(2998, 512, 'Ünalan', 0),
(2999, 512, 'Üsküdar - Ünalan Konut.', 0),
(3000, 512, 'Valide-i Atik', 0),
(3001, 512, 'Vaniköy', 0),
(3002, 512, 'Yavuztürk', 0),
(3003, 513, 'Beştelsiz', 0),
(3004, 513, 'Çırpıcı', 0),
(3005, 513, 'Deniz Abdal', 0),
(3006, 513, 'Gökalp', 0),
(3007, 513, 'Hatboyu', 0),
(3008, 513, 'Kazlıçeşme', 0),
(3009, 513, 'Maltepe', 0),
(3010, 513, 'Merkez', 1),
(3011, 513, 'Merkez Efendi', 0),
(3012, 513, 'Nuripaşa', 0),
(3013, 513, 'Seyitnizam', 0),
(3014, 513, 'Sümer', 0),
(3015, 513, 'Telsiz', 0),
(3016, 513, 'Topçular', 0),
(3017, 513, 'Veliefendi', 0),
(3018, 513, 'Yeni Doğan', 0),
(3019, 513, 'Yeşiltepe', 0),
(3020, 513, 'Zeytinburnu Olivium', 0),
(3021, 514, 'Ege Kent 1', 0),
(3022, 514, 'Ege Kent 2', 0),
(3023, 514, 'Helvacı', 0),
(3024, 514, 'Merkez', 1),
(3025, 514, 'Yenişakran', 0),
(3026, 515, 'İnciraltı', 0),
(3027, 515, 'Merkez', 1),
(3028, 515, 'Teleferik', 0),
(3029, 516, 'Bayındır', 0),
(3030, 516, 'Canlı', 0),
(3031, 516, 'Çırpı', 0),
(3032, 516, 'Zeytinova', 0),
(3033, 517, 'Ayazkent', 0),
(3034, 517, 'Bergama', 0),
(3035, 517, 'Bölcek', 0),
(3036, 517, 'Göçbeyli', 0),
(3037, 517, 'Ilıca', 0),
(3038, 517, 'Yenikent', 0),
(3039, 517, 'Zeytindağ', 0),
(3040, 518, 'Merkez', 1),
(3041, 519, 'Altındağ', 0),
(3042, 519, 'Atatürk Mah.', 0),
(3043, 519, 'Çamkıran', 0),
(3044, 519, 'Çınarlı', 0),
(3045, 519, 'Doğanlar', 0),
(3046, 519, 'Evka 3', 0),
(3047, 519, 'Evka 4', 0),
(3048, 519, 'Heykel', 0),
(3049, 519, 'Hurdacılar Sitesi', 0),
(3050, 519, 'İşkent', 0),
(3051, 519, 'Kavaklıdere', 0),
(3052, 519, 'Kemalpaşa Org.San.Böl.', 0),
(3053, 519, 'Manavkuyu', 0),
(3054, 519, 'Merkez', 1),
(3055, 519, 'Mersinli', 0),
(3056, 519, 'Osmangazi', 0),
(3057, 519, 'Özkanlar', 0),
(3058, 519, 'Pınarbaşı', 0),
(3059, 519, 'Profesörler Sitesi', 0),
(3060, 519, 'Yenimahalle', 0),
(3061, 519, 'Yeşilova', 0),
(3062, 520, 'Akıncılar', 0),
(3063, 520, 'Ayrancılar', 0),
(3064, 520, 'Barış', 0),
(3065, 520, 'Battaniye Arkası', 0),
(3066, 520, 'Beyazevler', 0),
(3067, 520, 'Çamlık', 0),
(3068, 520, 'Çamlıkule', 0),
(3069, 520, 'Çevik 1', 0),
(3070, 520, 'Egekoop', 0),
(3071, 520, 'Enhoşlar', 0),
(3072, 520, 'Evka 1', 0),
(3073, 520, 'Fırat', 0),
(3074, 520, 'Gediz', 0),
(3075, 520, 'Göksu', 0),
(3076, 520, 'Hipodrom', 0),
(3077, 520, 'Hürriyet', 0),
(3078, 520, 'İnkilap', 0),
(3079, 520, 'İşçievleri', 0),
(3080, 520, 'İzkent', 0),
(3081, 520, 'Kaynaklar', 0),
(3082, 520, 'Kaynaklar', 0),
(3083, 520, 'Kızkulesi', 0),
(3084, 520, 'Kozağaç', 0),
(3085, 520, 'Kuruçeşme', 0),
(3086, 520, 'Merkez', 1),
(3087, 520, 'Öğretmenevleri', 0),
(3088, 520, 'Seyhan Mah.', 0),
(3089, 520, 'Şirinyer', 0),
(3090, 520, 'Taşocakları', 0),
(3091, 520, 'Ufuk', 0),
(3092, 520, 'Üçkuyular', 0),
(3093, 520, 'Yıkıkkemer', 0),
(3094, 520, 'Yıldız', 0),
(3095, 521, 'Alaçatı', 0),
(3096, 521, 'Çiftlikköy', 0),
(3097, 521, 'Dalyanköy', 0),
(3098, 521, 'Germiyan', 0),
(3099, 521, 'Ildır', 0),
(3100, 521, 'Ilıca', 0),
(3101, 521, 'Karaburun', 0),
(3102, 521, 'Merkez', 1),
(3103, 522, 'Evka 2', 0),
(3104, 522, 'İstasyonaltı', 0),
(3105, 522, 'Merkez', 1),
(3106, 522, 'Sasallı', 0),
(3107, 523, 'Çandarlı', 0),
(3108, 523, 'Merkez', 1),
(3109, 523, 'Sahilaltı', 0),
(3110, 524, 'Bağarası', 0),
(3111, 524, 'Eskifoça', 0),
(3112, 524, 'Gerenköy', 0),
(3113, 524, 'Merkez', 1),
(3114, 524, 'Yenifoça', 0),
(3115, 525, 'Emlakbankası Evleri', 0),
(3116, 525, 'Evka 7', 0),
(3117, 525, 'Hava Alanı Karşısı', 0),
(3118, 525, 'Kısık', 0),
(3119, 525, 'Merkez', 1),
(3120, 525, 'Sarnıç', 0),
(3121, 526, 'Merkez', 1),
(3122, 526, 'Yalı', 0),
(3123, 526, 'Yelki', 0),
(3124, 527, 'Eğlenhoca', 0),
(3125, 527, 'İnecik', 0),
(3126, 527, 'Kösedere', 0),
(3127, 527, 'Mordoğan', 0),
(3128, 527, 'Yeniliman', 0),
(3129, 528, 'Aksoy', 0),
(3130, 528, 'Alaybey', 0),
(3131, 528, 'Altınyol', 0),
(3132, 528, 'Atakent', 0),
(3133, 528, 'Bahçelievler', 0),
(3134, 528, 'Bahriyeüçok', 0),
(3135, 528, 'Bayraklı', 0),
(3136, 528, 'Bostanlı', 0),
(3137, 528, 'Çamlık', 0),
(3138, 528, 'Evka 5', 0),
(3139, 528, 'Girne', 0),
(3140, 528, 'Gümüşpala', 0),
(3141, 528, 'Mavişehir', 0),
(3142, 528, 'Merkez', 1),
(3143, 528, 'Naldöken', 0),
(3144, 528, 'Nergiz', 0),
(3145, 528, 'Onur', 0),
(3146, 528, 'Örnekköy', 0),
(3147, 528, 'Postacılar', 0),
(3148, 528, 'Soğukkuyu', 0),
(3149, 528, 'Yenigirne', 0),
(3150, 529, 'Armutlu', 0),
(3151, 529, 'Bağyurdu', 0),
(3152, 529, 'Merkez', 1),
(3153, 529, 'Ören', 0),
(3154, 529, 'Ulucak', 0),
(3155, 529, 'Yukarıkızılca', 0),
(3156, 530, 'Kınık', 0),
(3157, 530, 'Poyracık', 0),
(3158, 530, 'Yayakent', 0),
(3159, 531, 'Merkez', 1),
(3160, 532, 'Akevler', 0),
(3161, 532, 'Alsancak', 0),
(3162, 532, 'Altıntaş', 0),
(3163, 532, 'Amerikan Koleji', 0),
(3164, 532, 'Basınsitesi', 0),
(3165, 532, 'Bozyaka', 0),
(3166, 532, 'Cennetçeşme', 0),
(3167, 532, 'Çankaya', 0),
(3168, 532, 'Çınarlı', 0),
(3169, 532, 'Denizmen', 0),
(3170, 532, 'Esendere', 0),
(3171, 532, 'Esentepe', 0),
(3172, 532, 'Eski İzmir', 0),
(3173, 532, 'Eşrefpaşa', 0),
(3174, 532, 'Göztepe', 0),
(3175, 532, 'Güzelyalı', 0),
(3176, 532, 'Hakimevleri', 0),
(3177, 532, 'Halilrıfatfaşa', 0),
(3178, 532, 'Hatay', 0),
(3179, 532, 'Hıfzısıha', 0),
(3180, 532, 'İkiçeşmelik', 0),
(3181, 532, 'İlahiyat', 0),
(3182, 532, 'Karabağlar', 0),
(3183, 532, 'Karataş', 0),
(3184, 532, 'Kemeraltı', 0),
(3185, 532, 'Limontepe', 0),
(3186, 532, 'Maliyeciler', 0),
(3187, 532, 'Merkez', 1),
(3188, 532, 'Mim Kent', 0),
(3189, 532, 'Mithatpaşa', 0),
(3190, 532, 'Oyak', 0),
(3191, 532, 'Pasaport', 0),
(3192, 532, 'Poligon', 0),
(3193, 532, 'Susuzdede', 0),
(3194, 532, 'Uzundere', 0),
(3195, 532, 'Üçkuyular', 0),
(3196, 532, 'Üçkuyular', 0),
(3197, 532, 'Üçyol', 0),
(3198, 532, 'Yağhaneler', 0),
(3199, 532, 'Yenişehir', 0),
(3200, 532, 'Yeşilyurt', 0),
(3201, 533, 'Değirmendere', 0),
(3202, 533, 'Görece', 0),
(3203, 533, 'Gümüldür', 0),
(3204, 533, 'Merkez', 1),
(3205, 533, 'Oğlananası', 0),
(3206, 533, 'Özdere', 0),
(3207, 533, 'Tekeli', 0),
(3208, 534, 'Asarlık', 0),
(3209, 534, 'Emiralem', 0),
(3210, 534, 'Harmandalı', 0),
(3211, 534, 'Koyundere', 0),
(3212, 534, 'Maltepe', 0),
(3213, 534, 'Merkez', 1),
(3214, 534, 'Seyrekköy', 0),
(3215, 534, 'Türkelli', 0),
(3216, 534, 'Ulukent', 0),
(3217, 535, 'Merkez', 1),
(3218, 536, 'Ilıca', 0),
(3219, 536, 'Limanreis', 0),
(3220, 536, 'Merkez', 1),
(3221, 536, 'Sahilevleri', 0),
(3222, 537, 'Bademli', 0),
(3223, 537, 'Birgi', 0),
(3224, 537, 'Bozdağ', 0),
(3225, 537, 'Çaylı', 0),
(3226, 537, 'Kayaköy', 0),
(3227, 537, 'Kaymakçı', 0),
(3228, 537, 'Konaklı', 0),
(3229, 537, 'Merkez', 1),
(3230, 537, 'Ovakent', 0),
(3231, 537, 'Zeytinlik', 0),
(3232, 538, 'Akarca', 0),
(3233, 538, 'Bulaşmış', 0),
(3234, 538, 'Çamlıkköy', 0),
(3235, 538, 'Doğanbey', 0),
(3236, 538, 'Gümüldür', 0),
(3237, 538, 'Merkez', 1),
(3238, 538, 'Orhanlı', 0),
(3239, 538, 'Ürkmez', 0),
(3240, 539, 'Belevi', 0),
(3241, 539, 'Merkez', 1),
(3242, 539, 'Şirince', 0),
(3243, 540, 'Gökçen', 0),
(3244, 540, 'Merkez', 1),
(3245, 541, 'Ayrancılar', 0),
(3246, 541, 'Çaybaşı', 0),
(3247, 541, 'Karakuyu', 0),
(3248, 541, 'Pancar', 0),
(3249, 541, 'Subaşı', 0),
(3250, 541, 'Torbalı', 0),
(3251, 541, 'Yazıbaşı', 0),
(3252, 542, 'Merkez', 1),
(3253, 543, 'Çeşmealtı', 0),
(3254, 543, 'İskele', 0),
(3255, 543, 'Kalabak', 0),
(3256, 543, 'Merkez', 1),
(3257, 543, 'Zeytinalan', 0),
(3258, 548, 'Merkez', 1),
(3259, 550, 'Merkez', 1),
(3260, 551, 'Merkez', 1),
(3261, 552, 'Merkez', 1),
(3262, 553, 'Merkez', 1),
(3263, 554, 'Merkez', 1),
(3264, 554, 'Ovacuma', 0),
(3265, 555, 'Merkez', 1),
(3266, 555, 'Yortanpazarı', 0),
(3267, 556, 'Merkez', 1),
(3268, 557, 'Merkez', 1),
(3269, 558, 'Güneyyurt', 0),
(3270, 558, 'Kazancı', 0),
(3271, 558, 'Merkez', 1),
(3272, 559, 'Merkez', 1),
(3273, 560, 'Akçaşehir', 0),
(3274, 560, 'Karaman', 0),
(3275, 560, 'Kılbasan', 0),
(3276, 560, 'Kisecik', 0),
(3277, 560, 'Sudurağı', 0),
(3278, 560, 'Taşkale', 0),
(3279, 560, 'Yeşildere', 0),
(3280, 560, 'Yollarbaşı', 0),
(3281, 561, 'Göktepe', 0),
(3282, 561, 'Merkez', 1),
(3283, 562, 'Merkez', 1),
(3284, 563, 'Koçköy', 0),
(3285, 563, 'Merkez', 1),
(3286, 564, 'Dağpınar', 0),
(3287, 564, 'Merkez', 1),
(3288, 565, 'Merkez', 1),
(3289, 566, 'Kars', 0),
(3290, 567, 'Sarıkamış', 0),
(3291, 568, 'Merkez', 1),
(3292, 569, 'Merkez', 1),
(3293, 570, 'Merkez', 1),
(3294, 571, 'Merkez', 1),
(3295, 572, 'Merkez', 1),
(3296, 573, 'Merkez', 1),
(3297, 574, 'Merkez', 1),
(3298, 575, 'Merkez', 1),
(3299, 576, 'Merkez', 1),
(3300, 577, 'Merkez', 1),
(3301, 578, 'Merkez', 1),
(3302, 579, 'Merkez', 1),
(3303, 580, 'Merkez', 1),
(3304, 581, 'Merkez', 1),
(3305, 582, 'Merkez', 1),
(3306, 583, 'İnebolu', 0),
(3307, 583, 'Merkez', 1),
(3308, 584, 'Merkez', 1),
(3309, 585, 'Merkez', 1),
(3310, 586, 'Merkez', 1),
(3311, 587, 'Merkez', 1),
(3312, 588, 'Merkez', 1),
(3313, 589, 'Merkez', 1),
(3314, 590, 'Merkez', 1),
(3315, 590, 'Ortalıca', 0),
(3316, 591, 'Gömürgen', 0),
(3317, 591, 'Kululu', 0),
(3318, 591, 'Merkez', 1),
(3319, 592, 'Akmescit', 0),
(3320, 592, 'Büyükbürüngüz', 0),
(3321, 592, 'Büyüktuzhisar', 0),
(3322, 592, 'Elbaşı', 0),
(3323, 592, 'Güllüce', 0),
(3324, 592, 'Karakaya', 0),
(3325, 592, 'Koyunabdal', 0),
(3326, 592, 'Merkez', 1),
(3327, 592, 'Yenisüksün', 0),
(3328, 593, 'Gazi', 0),
(3329, 593, 'Merkez', 1),
(3330, 593, 'Sindelhöyük', 0),
(3331, 593, 'Şıhlı', 0),
(3332, 593, 'Zile', 0),
(3333, 594, 'Erciyes', 0),
(3334, 595, 'Büyüktoraman', 0),
(3335, 595, 'Kayapınar', 0),
(3336, 595, 'Merkez', 1),
(3337, 596, 'Merkez', 1),
(3338, 597, 'Merkez', 1),
(3339, 598, 'Kızılören', 0),
(3340, 598, 'Merkez', 1),
(3341, 598, 'Süksün', 0),
(3342, 599, 'Amarat', 0),
(3343, 599, 'Düver', 0),
(3344, 599, 'Ebiç', 0),
(3345, 599, 'Erkilet', 0),
(3346, 599, 'Güneşli', 0),
(3347, 599, 'Himmetdede', 0),
(3348, 599, 'Kuşçu', 0),
(3349, 599, 'Mahzemin', 0),
(3350, 599, 'Merkez', 1),
(3351, 599, 'Yemliha', 0),
(3352, 600, 'Ağırnas', 0),
(3353, 600, 'Gesi', 0),
(3354, 600, 'Gürpınar', 0),
(3355, 600, 'Hisarcık', 0),
(3356, 600, 'Kıranardı', 0),
(3357, 600, 'Merkez', 1),
(3358, 600, 'Mimarsinan', 0),
(3359, 600, 'Turan', 0),
(3360, 601, 'Kayseri', 0),
(3361, 602, 'Küpeli', 0),
(3362, 602, 'Merkez', 1),
(3363, 603, 'Kaynar', 0),
(3364, 603, 'Merkez', 1),
(3365, 603, 'Pazarören', 0),
(3366, 604, 'Alamettin', 0),
(3367, 604, 'Çiftlik', 0),
(3368, 604, 'Gaziler', 0),
(3369, 604, 'Karaözü', 0),
(3370, 604, 'Merkez', 1),
(3371, 604, 'Palas', 0),
(3372, 605, 'Merkez', 1),
(3373, 605, 'Yeşilkent', 0),
(3374, 606, 'Başakpınar', 0),
(3375, 606, 'Erciyes', 0),
(3376, 606, 'Kepez', 0),
(3377, 606, 'Kuruköprü', 0),
(3378, 606, 'Merkez', 1),
(3379, 606, 'Zincidere', 0),
(3380, 607, 'Dadaloğlu', 0),
(3381, 607, 'Emiruşağı', 0),
(3382, 607, 'Merkez', 1),
(3383, 608, 'Ürgüp', 0),
(3384, 609, 'Derebağı', 0),
(3385, 609, 'Merkez', 1),
(3386, 610, 'Merkez', 1),
(3387, 611, 'Karaahmetli', 0),
(3388, 611, 'Merkez', 1),
(3389, 612, 'Koçubaba', 0),
(3390, 612, 'Kulaksız', 0),
(3391, 612, 'Merkez', 1),
(3392, 613, 'Merkez', 1),
(3393, 614, 'Büyükafşar', 0),
(3394, 614, 'Büyükyağlı', 0),
(3395, 614, 'Çerikli', 0),
(3396, 614, 'Merkez', 1),
(3397, 615, 'Merkez', 1),
(3398, 616, 'Ceritmüminli', 0),
(3399, 616, 'Konur', 0),
(3400, 616, 'Köprü', 0),
(3401, 616, 'Merkez', 1),
(3402, 617, 'Ahılı', 0),
(3403, 617, 'Aşağımahmutlar', 0),
(3404, 617, 'Çullu', 0),
(3405, 617, 'Hacılar', 0),
(3406, 617, 'Hasandede', 0),
(3407, 617, 'Kırıkkale', 0),
(3408, 618, 'Güzelyurt', 0),
(3409, 618, 'Hamzalı', 0),
(3410, 618, 'Merkez', 1),
(3411, 619, 'Irmak', 0),
(3412, 619, 'Kılıçlar', 0),
(3413, 619, 'Yahşihan', 0),
(3414, 620, 'Alpullu', 0),
(3415, 620, 'Büyükmandıra', 0),
(3416, 620, 'Karahalil', 0),
(3417, 620, 'Merkez', 1),
(3418, 620, 'Sinanlı', 0),
(3419, 621, 'İğneada', 0),
(3420, 621, 'Merkez', 1),
(3421, 622, 'Merkez', 1),
(3422, 623, 'Ahmetbey', 0),
(3423, 623, 'Büyükkarıştıran', 0),
(3424, 623, 'Evrensekiz', 0),
(3425, 623, 'Kırıkköy', 0),
(3426, 623, 'Merkez', 1),
(3427, 623, 'Sakızköy', 0),
(3428, 624, 'İnece', 0),
(3429, 624, 'Kavaklı', 0),
(3430, 624, 'Kırklareli', 0),
(3431, 624, 'Üsküp', 0),
(3432, 625, 'Merkez', 1),
(3433, 626, 'Kaynarca', 0),
(3434, 626, 'Merkez', 1),
(3435, 626, 'Yenice', 0),
(3436, 627, 'Çakıllı', 0),
(3437, 627, 'Kıyıköy', 0),
(3438, 627, 'Merkez', 1),
(3439, 627, 'Sergen', 0),
(3440, 628, 'Mahsenli', 0),
(3441, 628, 'Merkez', 1),
(3442, 629, 'Aşağıhomurlu', 0),
(3443, 629, 'Büyükabdiuşağı', 0),
(3444, 629, 'Köşker', 0),
(3445, 629, 'Merkez', 1),
(3446, 630, 'Karacaören', 0),
(3447, 630, 'Merkez', 1),
(3448, 631, 'Boğazevci', 0),
(3449, 631, 'Köseli', 0),
(3450, 631, 'Merkez', 1),
(3451, 632, 'Başköy', 0),
(3452, 632, 'Çağırkan', 0),
(3453, 632, 'Demirli', 0),
(3454, 632, 'Hamit', 0),
(3455, 632, 'İsahocalı', 0),
(3456, 632, 'Kargınyenice', 0),
(3457, 632, 'Kurancılı', 0),
(3458, 632, 'Merkez', 1),
(3459, 632, 'Ömerhacılı', 0),
(3460, 632, 'Savcılıbüyükoba', 0),
(3461, 632, 'Yelek', 0),
(3462, 633, 'Çayağzı', 0),
(3463, 633, 'Dulkadirli', 0),
(3464, 633, 'Karahıdır', 0),
(3465, 633, 'Merkez', 1),
(3466, 633, 'Özbağ', 0),
(3467, 633, 'Toklümen', 0),
(3468, 633, 'Ulupınar', 0),
(3469, 634, 'Merkez', 1),
(3470, 635, 'Merkez', 1),
(3471, 636, 'Kilis', 0),
(3472, 636, 'Yavuzlu', 0),
(3473, 637, 'Merkez', 1),
(3474, 638, 'Merkez', 1),
(3475, 639, 'Merkez', 1),
(3476, 640, 'Çayırova', 0),
(3477, 640, 'Darıca', 0),
(3478, 640, 'Dilovası', 0),
(3479, 640, 'Merkez', 1),
(3480, 640, 'Şekerpınar', 0),
(3481, 640, 'Tavşancıl', 0),
(3482, 641, 'Değirmendere', 0),
(3483, 641, 'Halıdere', 0),
(3484, 641, 'Hisareyn', 0),
(3485, 641, 'İhsaniye', 0),
(3486, 641, 'Merkez', 1),
(3487, 641, 'Ulaşlı', 0),
(3488, 641, 'Yazlık', 0),
(3489, 642, 'Acısu', 0),
(3490, 642, 'Akmeşe', 0),
(3491, 642, 'Alikahya', 0),
(3492, 642, 'Arslanbey', 0),
(3493, 642, 'Bahçecik', 0),
(3494, 642, 'Bekirpaşa', 0),
(3495, 642, 'Büyükderbent', 0),
(3496, 642, 'Eşme', 0),
(3497, 642, 'Karşıyaka', 0),
(3498, 642, 'Köseköy', 0),
(3499, 642, 'Kullar', 0),
(3500, 642, 'Kuruçeşme', 0),
(3501, 642, 'Maşukiye', 0),
(3502, 642, 'Merkez', 1),
(3503, 642, 'Saraybahçe', 0),
(3504, 642, 'Sarımeşe', 0),
(3505, 642, 'Suadiye', 0),
(3506, 642, 'Uzunçiftlik', 0),
(3507, 642, 'Uzuntarla', 0),
(3508, 642, 'Yahyakaptan', 0),
(3509, 642, 'Yeniköy', 0),
(3510, 642, 'Yuvacık', 0),
(3511, 643, 'Merkez', 1),
(3512, 644, 'Akçat', 0),
(3513, 644, 'Dereköy', 0),
(3514, 644, 'Ereğli', 0),
(3515, 644, 'Kızderbent', 0),
(3516, 644, 'Merkez', 1),
(3517, 644, 'Yalakdere', 0),
(3518, 645, 'Büyükderbent', 0),
(3519, 646, 'Merkez', 1),
(3520, 647, 'Hereke', 0),
(3521, 647, 'Kirazlıyalı', 0),
(3522, 647, 'Merkez', 1),
(3523, 648, 'Merkez', 1),
(3524, 649, 'Akkise', 0),
(3525, 649, 'Merkez', 1),
(3526, 650, 'Avdan', 0),
(3527, 650, 'Kayasu', 0),
(3528, 650, 'Merkez', 1),
(3529, 651, 'Adsız', 0),
(3530, 651, 'Altuntaş', 0),
(3531, 651, 'Atakent', 0),
(3532, 651, 'Çakıllar', 0),
(3533, 651, 'Doğrugöz', 0),
(3534, 651, 'Engili', 0),
(3535, 651, 'Gölçayır', 0),
(3536, 651, 'Karahüyük', 0),
(3537, 651, 'Merkez', 1),
(3538, 651, 'Ortaköy', 0),
(3539, 651, 'Reis', 0),
(3540, 651, 'Yazla', 0),
(3541, 652, 'Akıncılar', 0),
(3542, 652, 'Dedeler', 0),
(3543, 652, 'Merkez', 1),
(3544, 652, 'Oğuzeli', 0),
(3545, 653, 'Adaköy', 0),
(3546, 653, 'Akçabelen', 0),
(3547, 653, 'Aşağıesence', 0),
(3548, 653, 'Bayavşar', 0),
(3549, 653, 'Doğanbey', 0),
(3550, 653, 'Emen', 0),
(3551, 653, 'Gökçimen', 0),
(3552, 653, 'Gölyaka', 0),
(3553, 653, 'Huğlu', 0),
(3554, 653, 'Karaali', 0),
(3555, 653, 'Kayabaşı', 0),
(3556, 653, 'Kurucuova', 0),
(3557, 653, 'Merkez', 1),
(3558, 653, 'Sadıkhacı', 0),
(3559, 653, 'Sevindik', 0),
(3560, 653, 'Üstünler', 0),
(3561, 653, 'Üzümlü', 0),
(3562, 653, 'Yenidoğan', 0),
(3563, 653, 'Yeşildağ', 0),
(3564, 654, 'Çağlayan', 0),
(3565, 654, 'Dereiçi', 0),
(3566, 654, 'Dereköy', 0),
(3567, 654, 'Hamzalar', 0),
(3568, 654, 'Harmanpınar', 0),
(3569, 654, 'Hisarlık', 0),
(3570, 654, 'Merkez', 1),
(3571, 654, 'Sarıoğlan', 0),
(3572, 654, 'Sorkun', 0),
(3573, 654, 'Söğüt', 0),
(3574, 654, 'Üçpınar', 0),
(3575, 655, 'Bulduk', 0),
(3576, 655, 'Büyükbeşkavak', 0),
(3577, 655, 'Cihanbeyli', 0),
(3578, 655, 'Gölyazı', 0),
(3579, 655, 'Günyüzü', 0),
(3580, 655, 'İnsuyu', 0),
(3581, 655, 'Kandil', 0),
(3582, 655, 'Karabağ', 0),
(3583, 655, 'Kelhasan', 0),
(3584, 655, 'Kuşça', 0),
(3585, 655, 'Kütükuşağı', 0),
(3586, 655, 'Taşpınar', 0),
(3587, 655, 'Yapalı', 0),
(3588, 655, 'Yeniceoba', 0),
(3589, 656, 'Gökpınar', 0),
(3590, 656, 'Küçükhasan', 0),
(3591, 656, 'Merkez', 1),
(3592, 657, 'Alibeyhüyüğü', 0),
(3593, 657, 'Apa', 0),
(3594, 657, 'Arıkören', 0),
(3595, 657, 'Dinek', 0),
(3596, 657, 'Güvercinlik', 0),
(3597, 657, 'İçeriçumra', 0),
(3598, 657, 'Karkın', 0),
(3599, 657, 'Merkez', 1),
(3600, 657, 'Okçu', 0),
(3601, 657, 'Türkmencamili', 0),
(3602, 657, 'Yenisu', 0),
(3603, 658, 'Çiftliközü', 0),
(3604, 658, 'Merkez', 1),
(3605, 659, 'Çamlık', 0),
(3606, 659, 'Derebucak', 0),
(3607, 659, 'Gencek', 0),
(3608, 659, 'Pınarbaşı', 0),
(3609, 659, 'Yukarıkayalar', 0),
(3610, 660, 'Ayaşlar', 0),
(3611, 660, 'Başköy', 0),
(3612, 660, 'Çınaroba', 0),
(3613, 660, 'Deştiğin', 0),
(3614, 660, 'Karaağa', 0),
(3615, 660, 'Koçaş', 0),
(3616, 660, 'Konakkale', 0),
(3617, 660, 'Merkez', 1),
(3618, 660, 'Yenice', 0),
(3619, 661, 'Demirci', 0),
(3620, 661, 'Işıklar', 0),
(3621, 661, 'Merkez', 1),
(3622, 662, 'Aziziye', 0),
(3623, 662, 'Belkaya', 0),
(3624, 662, 'Çayhan', 0),
(3625, 662, 'Kutören', 0),
(3626, 662, 'Merkez', 1),
(3627, 662, 'Sazgeçit', 0),
(3628, 662, 'Zenzen', 0),
(3629, 663, 'Alanözü', 0),
(3630, 663, 'Aydoğmuş', 0),
(3631, 663, 'Merkez', 1),
(3632, 664, 'Bademli', 0),
(3633, 664, 'Bağbaşı', 0),
(3634, 664, 'Bolat', 0),
(3635, 664, 'Dedemli', 0),
(3636, 664, 'Güynükkışla', 0),
(3637, 664, 'Korualan', 0),
(3638, 664, 'Merkez', 1),
(3639, 664, 'Yalınçevre', 0),
(3640, 665, 'Merkez', 1),
(3641, 666, 'Burunsuz', 0),
(3642, 666, 'Çamlıca', 0),
(3643, 666, 'Çavuş', 0),
(3644, 666, 'Göçeri', 0),
(3645, 666, 'İlmen', 0),
(3646, 666, 'İmrenler', 0),
(3647, 666, 'Kıreli', 0),
(3648, 666, 'Köşk', 0),
(3649, 666, 'Merkez', 1),
(3650, 666, 'Mutlu', 0),
(3651, 666, 'Selki', 0),
(3652, 667, 'Argıthanı', 0),
(3653, 667, 'Aşağıçiğil', 0),
(3654, 667, 'Balkı', 0),
(3655, 667, 'Beykonak', 0),
(3656, 667, 'Çavuşçugöl', 0),
(3657, 667, 'Gökçeyurt', 0),
(3658, 667, 'Merkez', 1),
(3659, 667, 'Yukarıçiğil', 0),
(3660, 668, 'Atlantı', 0),
(3661, 668, 'Başkuyu', 0),
(3662, 668, 'Kolukısa', 0),
(3663, 668, 'Merkez', 1),
(3664, 668, 'Osmancık', 0),
(3665, 669, 'Hotamış', 0),
(3666, 669, 'İslik', 0),
(3667, 669, 'Kayalı', 0),
(3668, 669, 'Merkez', 1),
(3669, 669, 'Yeşilyurt', 0),
(3670, 670, 'Hayıroğlu', 0),
(3671, 670, 'İsmil', 0),
(3672, 670, 'Merkez', 1),
(3673, 670, 'Ovakavağı', 0),
(3674, 670, 'Yarma', 0),
(3675, 671, 'Celep', 0),
(3676, 671, 'Karacadağ', 0),
(3677, 671, 'Kırkpınar', 0),
(3678, 671, 'Kozanlı', 0),
(3679, 671, 'Merkez', 1),
(3680, 671, 'Tavşancalı', 0),
(3681, 671, 'Tuzyaka', 0),
(3682, 671, 'Zincirlikuyu', 0),
(3683, 672, 'Çarıklar', 0),
(3684, 672, 'Hatunsaray', 0),
(3685, 672, 'İnlice', 0),
(3686, 672, 'Karadiğin', 0),
(3687, 672, 'Kaşınhanı', 0),
(3688, 672, 'Kavak', 0),
(3689, 672, 'Kızılören', 0),
(3690, 672, 'Merkez', 1),
(3691, 672, 'Sağlık', 0),
(3692, 672, 'Sefaköy', 0),
(3693, 673, 'Merkez', 1),
(3694, 674, 'Başhüyük', 0),
(3695, 674, 'Çeşmelisebil', 0),
(3696, 674, 'Gözlü', 0),
(3697, 674, 'Kadıoğlu', 0),
(3698, 674, 'Kurşunlu', 0),
(3699, 674, 'Ladik', 0),
(3700, 674, 'Merkez', 1),
(3701, 675, 'Başarakavak', 0),
(3702, 675, 'Merkez', 1),
(3703, 675, 'Sızma', 0),
(3704, 675, 'Tepe', 0),
(3705, 675, 'Yükselen', 0),
(3706, 676, 'Akçalar', 0),
(3707, 676, 'Bostandere', 0),
(3708, 676, 'Çavuş', 0),
(3709, 676, 'Gevrekli', 0),
(3710, 676, 'Kesecik', 0),
(3711, 676, 'Ketenli', 0),
(3712, 676, 'Merkez', 1),
(3713, 676, 'Ortakaraören', 0),
(3714, 676, 'Taraşçı', 0),
(3715, 677, 'Afşar', 0),
(3716, 677, 'Balcılar', 0),
(3717, 677, 'Bolay', 0),
(3718, 677, 'Çetmi', 0),
(3719, 677, 'Ilıcapınar', 0),
(3720, 677, 'Merkez', 1),
(3721, 678, 'Merkez', 1),
(3722, 679, 'Merkez', 1),
(3723, 680, 'Koçyazı', 0),
(3724, 680, 'Kuzören', 0),
(3725, 680, 'Merkez', 1),
(3726, 680, 'Piribeyli', 0),
(3727, 680, 'Saray', 0),
(3728, 680, 'Sülüklü', 0),
(3729, 680, 'Turgut', 0),
(3730, 681, 'Çayırbaşı', 0),
(3731, 681, 'Merkez', 1),
(3732, 681, 'Zafertepe Çalköy', 0),
(3733, 682, 'Merkez', 1),
(3734, 683, 'Hacıkebir', 0),
(3735, 683, 'Merkez', 1),
(3736, 684, 'Çukurca', 0),
(3737, 684, 'Merkez', 1),
(3738, 685, 'Merkez', 1),
(3739, 686, 'Aydıncık', 0),
(3740, 686, 'Çerte', 0),
(3741, 686, 'Eğrigöz', 0),
(3742, 686, 'Günlüce', 0),
(3743, 686, 'Merkez', 1),
(3744, 686, 'Örencik', 0),
(3745, 686, 'Yenice', 0),
(3746, 687, 'Akçaalan', 0),
(3747, 687, 'Altınkent', 0),
(3748, 687, 'Cebrail', 0),
(3749, 687, 'Erdoğmuş', 0);
INSERT INTO `adres_semt` (`no`, `ilce`, `semt`, `sira`) VALUES
(3750, 687, 'Eskigediz', 0),
(3751, 687, 'Fırdan', 0),
(3752, 687, 'Gökler', 0),
(3753, 687, 'Gümele', 0),
(3754, 687, 'Gürlek', 0),
(3755, 687, 'Kayaköy', 0),
(3756, 687, 'Üzümlü', 0),
(3757, 687, 'Yenikent', 0),
(3758, 687, 'Yeşilçay', 0),
(3759, 687, 'Yunuslar', 0),
(3760, 688, 'Dereköy', 0),
(3761, 688, 'Hasanlar', 0),
(3762, 688, 'Karbasan', 0),
(3763, 688, 'Merkez', 1),
(3764, 688, 'Şeyhler', 0),
(3765, 689, 'Kızılcaören', 0),
(3766, 689, 'Kütahya', 0),
(3767, 689, 'Seyitömer', 0),
(3768, 690, 'Merkez', 1),
(3769, 690, 'Sofular', 0),
(3770, 690, 'Yakuplar', 0),
(3771, 691, 'Akdağ', 0),
(3772, 691, 'Bahtıllı', 0),
(3773, 691, 'Beyce', 0),
(3774, 691, 'Çaysimav', 0),
(3775, 691, 'Çitgöl', 0),
(3776, 691, 'Demirci', 0),
(3777, 691, 'Güney', 0),
(3778, 691, 'Hisarbey', 0),
(3779, 691, 'Kalkan', 0),
(3780, 691, 'Karacahisar', 0),
(3781, 691, 'Kelemyenice', 0),
(3782, 691, 'Kestel', 0),
(3783, 691, 'Kuşu', 0),
(3784, 691, 'Naşa', 0),
(3785, 691, 'Öreyler', 0),
(3786, 691, 'Simav', 0),
(3787, 691, 'Şenköy', 0),
(3788, 691, 'Yaykın', 0),
(3789, 691, 'Yemişli', 0),
(3790, 691, 'Yeniköy', 0),
(3791, 691, 'Yeşildere', 0),
(3792, 691, 'Yeşilköy', 0),
(3793, 692, 'Karamanca', 0),
(3794, 692, 'Merkez', 1),
(3795, 692, 'Üçbaş', 0),
(3796, 693, 'Aliköy', 0),
(3797, 693, 'Balıköy', 0),
(3798, 693, 'Çukurköy', 0),
(3799, 693, 'Gürağaç', 0),
(3800, 693, 'Kuruçay', 0),
(3801, 693, 'Merkez', 1),
(3802, 693, 'Tepecik', 0),
(3803, 693, 'Tunçbilek', 0),
(3804, 694, 'Yoncalı', 0),
(3805, 695, 'Yeni İskele', 0),
(3806, 696, 'Çatyol', 0),
(3807, 696, 'Kozluca', 0),
(3808, 696, 'Merkez', 1),
(3809, 696, 'Ören', 0),
(3810, 697, 'Merkez', 1),
(3811, 698, 'Merkez', 1),
(3812, 699, 'Hasırcılar', 0),
(3813, 699, 'Hatunsuyu', 0),
(3814, 699, 'Merkez', 1),
(3815, 700, 'Ağılbaşı', 0),
(3816, 700, 'Aşağıulupınar', 0),
(3817, 700, 'Ayvalı', 0),
(3818, 700, 'Balaban', 0),
(3819, 700, 'Ilıca', 0),
(3820, 700, 'Merkez', 1),
(3821, 700, 'Yenice', 0),
(3822, 701, 'Erkenek', 0),
(3823, 701, 'Gövdeli', 0),
(3824, 701, 'Kurucaova', 0),
(3825, 701, 'Merkez', 1),
(3826, 701, 'Polat', 0),
(3827, 701, 'Söğüt', 0),
(3828, 701, 'Sürgü', 0),
(3829, 702, 'Gökçe', 0),
(3830, 702, 'Merkez', 1),
(3831, 703, 'Güzelyurt', 0),
(3832, 703, 'Hasançelebi', 0),
(3833, 703, 'İpekyolu', 0),
(3834, 703, 'Kocaözü', 0),
(3835, 703, 'Kurşunlu', 0),
(3836, 703, 'Merkez', 1),
(3837, 704, 'Merkez', 1),
(3838, 705, 'Merkez', 1),
(3839, 705, 'Sofular', 0),
(3840, 706, 'Beydağı', 0),
(3841, 706, 'Dilek', 0),
(3842, 706, 'Erenli', 0),
(3843, 706, 'Hanımınçiftliği', 0),
(3844, 706, 'Konak', 0),
(3845, 706, 'Merkez', 1),
(3846, 706, 'Orduzu', 0),
(3847, 706, 'Şahnahan', 0),
(3848, 706, 'Topsöğüt', 0),
(3849, 706, 'Yaygın', 0),
(3850, 707, 'Merkez', 1),
(3851, 707, 'Nohutlu', 0),
(3852, 707, 'Tepehan', 0),
(3853, 708, 'Durucasu', 0),
(3854, 708, 'Fethiye', 0),
(3855, 708, 'Merkez', 1),
(3856, 709, 'Bostanbaşı', 0),
(3857, 709, 'Gündüzbey', 0),
(3858, 709, 'Merkez', 1),
(3859, 709, 'Yakınca', 0),
(3860, 710, 'Gökkaya', 0),
(3861, 710, 'Merkez', 1),
(3862, 711, 'Akselendi', 0),
(3863, 711, 'Ballıca', 0),
(3864, 711, 'Beyoba', 0),
(3865, 711, 'Dağdere', 0),
(3866, 711, 'Kayalıoğlu', 0),
(3867, 711, 'Mecidiye', 0),
(3868, 711, 'Medar', 0),
(3869, 711, 'Merkez', 1),
(3870, 711, 'Süleymanlı', 0),
(3871, 711, 'Zeytinliova', 0),
(3872, 712, 'Kavaklıdere', 0),
(3873, 712, 'Kemaliye', 0),
(3874, 712, 'Killik', 0),
(3875, 712, 'Merkez', 1),
(3876, 712, 'Piyadeler', 0),
(3877, 712, 'Uluderbent', 0),
(3878, 712, 'Yeşilyurt', 0),
(3879, 713, 'Borlu', 0),
(3880, 713, 'Durhasan', 0),
(3881, 713, 'İcikler', 0),
(3882, 713, 'Mahmutlar', 0),
(3883, 713, 'Merkez', 1),
(3884, 714, 'Merkez', 1),
(3885, 715, 'Çiçekli', 0),
(3886, 715, 'Güneşli', 0),
(3887, 715, 'Kayacık', 0),
(3888, 715, 'Merkez', 1),
(3889, 716, 'Bakır', 0),
(3890, 716, 'Gelenbe', 0),
(3891, 716, 'İlyaslar', 0),
(3892, 716, 'Karakurt', 0),
(3893, 716, 'Merkez', 1),
(3894, 717, 'Merkez', 1),
(3895, 718, 'Gökçeören', 0),
(3896, 718, 'Merkez', 1),
(3897, 718, 'Sandal', 0),
(3898, 719, 'Aşağıçobanisa', 0),
(3899, 719, 'Hacıhaliller', 0),
(3900, 719, 'Hamzabeyli', 0),
(3901, 719, 'Karaağaçlı', 0),
(3902, 719, 'Merkez', 1),
(3903, 719, 'Muradiye', 0),
(3904, 719, 'Sancaklıbozköy', 0),
(3905, 719, 'Sancaklıiğdecik', 0),
(3906, 719, 'Selimşahlar', 0),
(3907, 719, 'Üçpınar', 0),
(3908, 719, 'Yağcılar', 0),
(3909, 719, 'Yeniköy', 0),
(3910, 720, 'Adala', 0),
(3911, 720, 'Durasıllı', 0),
(3912, 720, 'Gökeyüp', 0),
(3913, 720, 'Merkez', 1),
(3914, 720, 'Mersinli', 0),
(3915, 720, 'Poyrazdamları', 0),
(3916, 720, 'Sartmahmut', 0),
(3917, 720, 'Taytan', 0),
(3918, 720, 'Yılmaz', 0),
(3919, 721, 'Merkez', 1),
(3920, 722, 'Alibeyli', 0),
(3921, 722, 'Büyükbelen', 0),
(3922, 722, 'Dilek', 0),
(3923, 722, 'Gökçe', 0),
(3924, 722, 'Gümülceli', 0),
(3925, 722, 'Hacırahmanlı', 0),
(3926, 722, 'Halitpaşa', 0),
(3927, 722, 'İshakçelebi', 0),
(3928, 722, 'Koldere', 0),
(3929, 722, 'Kumkuyucak', 0),
(3930, 722, 'Merkez', 1),
(3931, 722, 'Mütevelli', 0),
(3932, 722, 'Nuriye', 0),
(3933, 722, 'Paşaköy', 0),
(3934, 723, 'Merkez', 1),
(3935, 724, 'Avdan', 0),
(3936, 724, 'Cenkyeri', 0),
(3937, 724, 'Merkez', 1),
(3938, 724, 'Turgutalp', 0),
(3939, 724, 'Yağcılı', 0),
(3940, 725, 'Derbent', 0),
(3941, 725, 'Merkez', 1),
(3942, 725, 'Urganlı', 0),
(3943, 726, 'Kılavuz', 0),
(3944, 726, 'Merkez', 1),
(3945, 726, 'Sümer', 0),
(3946, 727, 'Merkez', 1),
(3947, 728, 'Dikmen', 0),
(3948, 728, 'Gökçe', 0),
(3949, 728, 'Merkez', 1),
(3950, 728, 'Şenyurt', 0),
(3951, 728, 'Yüceli', 0),
(3952, 729, 'Merkez', 1),
(3953, 730, 'Kabala', 0),
(3954, 730, 'Mardin', 0),
(3955, 730, 'Ortaköy', 0),
(3956, 730, 'Yalım', 0),
(3957, 731, 'Acırlı', 0),
(3958, 731, 'Çavuşlu', 0),
(3959, 731, 'Gelinkaya', 0),
(3960, 731, 'Merkez', 1),
(3961, 731, 'Söğütlü', 0),
(3962, 731, 'Şenköy', 0),
(3963, 731, 'Yolbaşı', 0),
(3964, 732, 'Akarsu', 0),
(3965, 732, 'Duruca', 0),
(3966, 732, 'Girmeli', 0),
(3967, 732, 'Merkez', 1),
(3968, 733, 'Merkez', 1),
(3969, 734, 'Merkez', 1),
(3970, 734, 'Pınardere', 0),
(3971, 734, 'Sürgücü', 0),
(3972, 734, 'Yeşilalan', 0),
(3973, 735, 'Yenişehir', 0),
(3974, 736, 'Merkez', 1),
(3975, 737, 'Akyarlar', 0),
(3976, 737, 'Bitez', 0),
(3977, 737, 'Göltürkbükü', 0),
(3978, 737, 'Gümbet', 0),
(3979, 737, 'Gümüşlük', 0),
(3980, 737, 'Gündoğan', 0),
(3981, 737, 'Konacık', 0),
(3982, 737, 'Merkez', 1),
(3983, 737, 'Mumcular', 0),
(3984, 737, 'Ortakentyahşi', 0),
(3985, 737, 'Torba', 0),
(3986, 737, 'Turgutreis', 0),
(3987, 737, 'Yalı', 0),
(3988, 737, 'Yalıkavak', 0),
(3989, 738, 'Merkez', 1),
(3990, 739, 'Merkez', 1),
(3991, 740, 'Merkez', 1),
(3992, 741, 'Çalış', 0),
(3993, 741, 'Çamköy', 0),
(3994, 741, 'Çiftlik', 0),
(3995, 741, 'Eşen', 0),
(3996, 741, 'Faralya', 0),
(3997, 741, 'Göcek', 0),
(3998, 741, 'Kadıköy', 0),
(3999, 741, 'Karaçulha', 0),
(4000, 741, 'Karadere', 0),
(4001, 741, 'Kaya', 0),
(4002, 741, 'Kemer', 0),
(4003, 741, 'Kumluova', 0),
(4004, 741, 'Merkez', 1),
(4005, 741, 'Ovacık', 0),
(4006, 741, 'Ölüdeniz', 0),
(4007, 741, 'Seki', 0),
(4008, 741, 'Şövalye Adası', 0),
(4009, 741, 'Yeşilüzümlü', 0),
(4010, 742, 'Çamlıbel', 0),
(4011, 742, 'Çayboyu', 0),
(4012, 742, 'Menteşe', 0),
(4013, 742, 'Merkez', 1),
(4014, 743, 'Beyobası', 0),
(4015, 743, 'Merkez', 1),
(4016, 743, 'Toparlar', 0),
(4017, 744, 'Armutalan', 0),
(4018, 744, 'Beldibi', 0),
(4019, 744, 'Bozburun', 0),
(4020, 744, 'İçmeler', 0),
(4021, 744, 'Merkez', 1),
(4022, 744, 'Orhaniye', 0),
(4023, 744, 'Selimiye', 0),
(4024, 744, 'Söğüt', 0),
(4025, 744, 'Turunç', 0),
(4026, 745, 'Bayır', 0),
(4027, 745, 'Kafaca', 0),
(4028, 745, 'Merkez', 1),
(4029, 745, 'Yerkesik', 0),
(4030, 745, 'Yeşilyurt', 0),
(4031, 746, 'Bafa', 0),
(4032, 746, 'Beçin', 0),
(4033, 746, 'Güllük', 0),
(4034, 746, 'Merkez', 1),
(4035, 746, 'Ören', 0),
(4036, 746, 'Selimiye', 0),
(4037, 747, 'Dalyan', 0),
(4038, 747, 'Merkez', 1),
(4039, 748, 'Merkez', 1),
(4040, 749, 'Merkez', 1),
(4041, 750, 'Akyaka', 0),
(4042, 750, 'Gökova', 0),
(4043, 750, 'Merkez', 1),
(4044, 751, 'Bencik', 0),
(4045, 751, 'Bozarmut', 0),
(4046, 751, 'Bozüyük', 0),
(4047, 751, 'Merkez', 1),
(4048, 751, 'Turgut', 0),
(4049, 751, 'Yeşilbağcılar', 0),
(4050, 752, 'Elmakaya', 0),
(4051, 752, 'Erentepe', 0),
(4052, 752, 'Karaağıl', 0),
(4053, 752, 'Merkez', 1),
(4054, 752, 'Mollakent', 0),
(4055, 752, 'Rüstemgedik', 0),
(4056, 752, 'Sarıpınar', 0),
(4057, 752, 'Uzgörür', 0),
(4058, 752, 'Yemişen', 0),
(4059, 752, 'Yoncalı', 0),
(4060, 753, 'Düzkışla', 0),
(4061, 753, 'Merkez', 1),
(4062, 754, 'Altınova', 0),
(4063, 754, 'Karakale', 0),
(4064, 754, 'Merkez', 1),
(4065, 755, 'Gülkoru', 0),
(4066, 755, 'Konakkuran', 0),
(4067, 755, 'Merkez', 1),
(4068, 756, 'Karaağaçlı', 0),
(4069, 756, 'Kırköy', 0),
(4070, 756, 'Kızılağaç', 0),
(4071, 756, 'Konukbekler', 0),
(4072, 756, 'Merkez', 1),
(4073, 756, 'Merkez', 1),
(4074, 756, 'Serinova', 0),
(4075, 756, 'Sungu', 0),
(4076, 756, 'Yağcılar', 0),
(4077, 756, 'Yaygın', 0),
(4078, 757, 'Merkez', 1),
(4079, 758, 'İnallı', 0),
(4080, 758, 'Karapınar', 0),
(4081, 758, 'Kurugöl', 0),
(4082, 758, 'Merkez', 1),
(4083, 758, 'Tatların', 0),
(4084, 759, 'Akarca', 0),
(4085, 759, 'Çalış', 0),
(4086, 759, 'Göynük', 0),
(4087, 759, 'Kalaba', 0),
(4088, 759, 'Mahmat', 0),
(4089, 759, 'Merkez', 1),
(4090, 759, 'Özkonak', 0),
(4091, 759, 'Sarılar', 0),
(4092, 759, 'Topaklı', 0),
(4093, 760, 'Merkez', 1),
(4094, 760, 'Suvermez', 0),
(4095, 760, 'Yazıhüyük', 0),
(4096, 761, 'Merkez', 1),
(4097, 762, 'Abuşağı', 0),
(4098, 762, 'Gümüşkent', 0),
(4099, 762, 'Karacaşar', 0),
(4100, 762, 'Merkez', 1),
(4101, 762, 'Ovaören', 0),
(4102, 762, 'Tuzköy', 0),
(4103, 763, 'Karaburna', 0),
(4104, 763, 'Kızılağıl', 0),
(4105, 763, 'Merkez', 1),
(4106, 764, 'Merkez', 1),
(4107, 765, 'Merkez', 1),
(4108, 766, 'Kalecik', 0),
(4109, 766, 'Kanlıca', 0),
(4110, 766, 'Karahasanlı', 0),
(4111, 766, 'Karasenir', 0),
(4112, 766, 'Merkez', 1),
(4113, 767, 'Çat', 0),
(4114, 767, 'Göre', 0),
(4115, 767, 'Göreme', 0),
(4116, 767, 'Kavak', 0),
(4117, 767, 'Kaymaklı', 0),
(4118, 767, 'Narköy', 0),
(4119, 767, 'Nevşehir', 0),
(4120, 767, 'Sulusaray', 0),
(4121, 767, 'Üçhisar', 0),
(4122, 768, 'Merkez', 1),
(4123, 769, 'Uçhisar', 0),
(4124, 770, 'Aksalur', 0),
(4125, 770, 'Başdere', 0),
(4126, 770, 'Merkez', 1),
(4127, 770, 'Mustafapaşa', 0),
(4128, 770, 'Ortahisar', 0),
(4129, 771, 'Merkez', 1),
(4130, 772, 'Çömlekçi', 0),
(4131, 772, 'Karakapı', 0),
(4132, 772, 'Keçikalesi', 0),
(4133, 772, 'Merkez', 1),
(4134, 772, 'Ulukışla', 0),
(4135, 772, 'Yakacık', 0),
(4136, 772, 'Yeşilyurt', 0),
(4137, 773, 'Bahçeli', 0),
(4138, 773, 'Çukurkuyu', 0),
(4139, 773, 'Karanlıkdere', 0),
(4140, 773, 'Kemerhisar', 0),
(4141, 773, 'Kızılca', 0),
(4142, 773, 'Merkez', 1),
(4143, 774, 'Bademdere', 0),
(4144, 774, 'Burç', 0),
(4145, 774, 'Merkez', 1),
(4146, 775, 'Azatlı', 0),
(4147, 775, 'Bozköy', 0),
(4148, 775, 'Divarlı', 0),
(4149, 775, 'Kitreli', 0),
(4150, 775, 'Merkez', 1),
(4151, 776, 'Aktaş', 0),
(4152, 776, 'Alay', 0),
(4153, 776, 'Bağlama', 0),
(4154, 776, 'Çavdarlı', 0),
(4155, 776, 'Çayırlı', 0),
(4156, 776, 'Değirmenli', 0),
(4157, 776, 'Dikilitaş', 0),
(4158, 776, 'Dündarlı', 0),
(4159, 776, 'Edikli', 0),
(4160, 776, 'Elmalı', 0),
(4161, 776, 'Fertek', 0),
(4162, 776, 'Gümüşler', 0),
(4163, 776, 'Hacıabdullah', 0),
(4164, 776, 'Hacıbeyli', 0),
(4165, 776, 'İçmeli', 0),
(4166, 776, 'Karaatlı', 0),
(4167, 776, 'Kayırlı', 0),
(4168, 776, 'Kiledere', 0),
(4169, 776, 'Konaklı', 0),
(4170, 776, 'Koyunlu', 0),
(4171, 776, 'Merkez', 1),
(4172, 776, 'Orhanlı', 0),
(4173, 776, 'Ovacık', 0),
(4174, 776, 'Sazlıca', 0),
(4175, 776, 'Yeşilgölcük', 0),
(4176, 776, 'Yıldıztepe', 0),
(4177, 777, 'Aktoprak', 0),
(4178, 777, 'Çiftehan', 0),
(4179, 777, 'Darboğaz', 0),
(4180, 777, 'Merkez', 1),
(4181, 777, 'Yeniyıldız', 0),
(4182, 778, 'Akpınar', 0),
(4183, 778, 'Çayıralan', 0),
(4184, 778, 'Merkez', 1),
(4185, 778, 'Salman', 0),
(4186, 778, 'Seferli', 0),
(4187, 778, 'Yenikonak', 0),
(4188, 779, 'Alacalar', 0),
(4189, 779, 'Çakırlı', 0),
(4190, 779, 'Merkez', 1),
(4191, 779, 'Pelitözü', 0),
(4192, 780, 'Merkez', 1),
(4193, 781, 'Göller', 0),
(4194, 781, 'Merkez', 1),
(4195, 782, 'İlküvez', 0),
(4196, 782, 'Merkez', 1),
(4197, 783, 'Aslancami', 0),
(4198, 783, 'Bolaman', 0),
(4199, 783, 'Geyikçeli', 0),
(4200, 783, 'Hatipli', 0),
(4201, 783, 'Ilıca', 0),
(4202, 783, 'İslamdağ', 0),
(4203, 783, 'Kösebucağı', 0),
(4204, 783, 'Merkez', 1),
(4205, 783, 'Yalıköy', 0),
(4206, 784, 'Alanyurt', 0),
(4207, 784, 'Aydoğan', 0),
(4208, 784, 'Damarlı', 0),
(4209, 784, 'Düzyayla', 0),
(4210, 784, 'Güzelyurt', 0),
(4211, 784, 'Karahasan', 0),
(4212, 784, 'Merkez', 1),
(4213, 785, 'Merkez', 1),
(4214, 786, 'Direkli', 0),
(4215, 786, 'Eskiköy', 0),
(4216, 786, 'Işıktepe', 0),
(4217, 786, 'Merkez', 1),
(4218, 787, 'Devecik', 0),
(4219, 787, 'Kaynartaş', 0),
(4220, 787, 'Merkez', 1),
(4221, 787, 'Şenbolluk', 0),
(4222, 787, 'Yoğunoluk', 0),
(4223, 788, 'Merkez', 1),
(4224, 788, 'Yokuşdibi', 0),
(4225, 789, 'Alankent', 0),
(4226, 789, 'Merkez', 1),
(4227, 790, 'Çamlı', 0),
(4228, 790, 'Çayırkent', 0),
(4229, 790, 'Çiftlik', 0),
(4230, 790, 'Merkez', 1),
(4231, 790, 'Tepealan', 0),
(4232, 791, 'Fizme', 0),
(4233, 791, 'Merkez', 1),
(4234, 791, 'Yukarıdamlalı', 0),
(4235, 792, 'Merkez', 1),
(4236, 792, 'Saraycık', 0),
(4237, 793, 'Merkez', 1),
(4238, 793, 'Topçam', 0),
(4239, 793, 'Üçyol', 0),
(4240, 793, 'Yeşilce', 0),
(4241, 794, 'Kırlı', 0),
(4242, 794, 'Medreseönü', 0),
(4243, 794, 'Merkez', 1),
(4244, 795, 'Merkez', 1),
(4245, 796, 'Erenyurt', 0),
(4246, 796, 'Fatih', 0),
(4247, 796, 'Hanyanı', 0),
(4248, 796, 'İnkur', 0),
(4249, 796, 'Merkez', 1),
(4250, 796, 'Pelitliyatak', 0),
(4251, 796, 'Tekkiraz', 0),
(4252, 796, 'Yenikent', 0),
(4253, 796, 'Yeşilkent', 0),
(4254, 797, 'Merkez', 1),
(4255, 798, 'Atalan', 0),
(4256, 798, 'Böcekli', 0),
(4257, 798, 'Ellek', 0),
(4258, 798, 'Merkez', 1),
(4259, 798, 'Yarbaşı', 0),
(4260, 799, 'Merkez', 1),
(4261, 800, 'Merkez', 1),
(4262, 801, 'Cevdetiye', 0),
(4263, 801, 'Kırmıtlı', 0),
(4264, 801, 'Osmaniye', 0),
(4265, 802, 'Alibeyli', 0),
(4266, 802, 'Mehmetli', 0),
(4267, 802, 'Merkez', 1),
(4268, 803, 'Merkez', 1),
(4269, 803, 'Tüysüz', 0),
(4270, 804, 'Alipaşa köyü', 0),
(4271, 805, 'Merkez', 1),
(4272, 805, 'Tunca', 0),
(4273, 806, 'Çamlıhemşin', 0),
(4274, 807, 'Büyükköy', 0),
(4275, 807, 'Madenli', 0),
(4276, 807, 'Merkez', 1),
(4277, 808, 'Merkez', 1),
(4278, 809, 'Merkez', 1),
(4279, 810, 'Merkez', 1),
(4280, 811, 'Merkez', 1),
(4281, 812, 'Güneyce', 0),
(4282, 812, 'Merkez', 1),
(4283, 814, 'Merkez', 1),
(4284, 814, 'Yolbaşı', 0),
(4285, 815, 'Çaykent', 0),
(4286, 815, 'Gündoğdu', 0),
(4287, 815, 'Kendirli', 0),
(4288, 815, 'Muradiye', 0),
(4289, 815, 'Rize', 0),
(4290, 816, 'Merkez', 1),
(4291, 817, 'Arifiye', 0),
(4292, 817, 'Bekirpaşa', 0),
(4293, 817, 'Çaybaşı', 0),
(4294, 817, 'Erenler', 0),
(4295, 817, 'Güneşler', 0),
(4296, 817, 'Hanlı', 0),
(4297, 817, 'Kazımpaşa', 0),
(4298, 817, 'Merkez', 1),
(4299, 817, 'Nehirkent', 0),
(4300, 817, 'Serdivan', 0),
(4301, 817, 'Yazlık', 0),
(4302, 818, 'Altındere', 0),
(4303, 818, 'Dokurcun', 0),
(4304, 818, 'Gücücek', 0),
(4305, 818, 'Kuzuluk', 0),
(4306, 818, 'Merkez', 1),
(4307, 819, 'Merkez', 1),
(4308, 820, 'Merkez', 1),
(4309, 821, 'Merkez', 1),
(4310, 822, 'Merkez', 1),
(4311, 823, 'Merkez', 1),
(4312, 824, 'Gölkent', 0),
(4313, 824, 'Merkez', 1),
(4314, 824, 'Sinanoğlu', 0),
(4315, 825, 'Merkez', 1),
(4316, 826, 'Alifuatpaşa', 0),
(4317, 826, 'Merkez', 1),
(4318, 827, 'Merkez', 1),
(4319, 828, 'Merkez', 1),
(4320, 829, 'Çamlıca', 0),
(4321, 829, 'Merkez', 1),
(4322, 829, 'Yeşilyurt', 0),
(4323, 830, 'Merkez', 1),
(4324, 831, 'Merkez', 1),
(4325, 832, 'Darıçayırı', 0),
(4326, 832, 'Kurudere', 0),
(4327, 832, 'Limandere', 0),
(4328, 832, 'Merkez', 1),
(4329, 832, 'Yuvalıdere', 0),
(4330, 833, 'Merkez', 1),
(4331, 834, 'Merkez', 1),
(4332, 835, 'Merkez', 1),
(4333, 835, 'Ortaköy', 0),
(4334, 836, 'Merkez', 1),
(4335, 837, 'Merkez', 1),
(4336, 838, 'Merkez', 1),
(4337, 839, 'Merkez', 1),
(4338, 840, 'Büyükderbent', 0),
(4339, 840, 'Kırkpınar', 0),
(4340, 840, 'Kurtköy', 0),
(4341, 840, 'Mahmudiye', 0),
(4342, 840, 'Merkez', 1),
(4343, 841, 'Merkez', 1),
(4344, 842, 'Merkez', 1),
(4345, 843, 'Merkez', 1),
(4346, 844, 'Merkez', 1),
(4347, 845, 'Merkez', 1),
(4348, 846, 'Merkez', 1),
(4349, 847, 'Merkez', 1),
(4350, 848, 'Merkez', 1),
(4351, 849, 'Çetinkaya', 0),
(4352, 849, 'Doğanca', 0),
(4353, 849, 'İkizpınar', 0),
(4354, 849, 'Kolay', 0),
(4355, 849, 'Merkez', 1),
(4356, 850, 'Ağcagüney', 0),
(4357, 850, 'Çınarlık', 0),
(4358, 850, 'Dikbıyık', 0),
(4359, 850, 'Hürriyet', 0),
(4360, 850, 'Merkez', 1),
(4361, 851, 'Bekdiğin', 0),
(4362, 851, 'Ilıca', 0),
(4363, 851, 'Merkez', 1),
(4364, 852, 'Merkez', 1),
(4365, 853, 'Merkez', 1),
(4366, 854, 'Altınkum', 0),
(4367, 854, 'Atakent', 0),
(4368, 854, 'Atakum', 0),
(4369, 854, 'Canik', 0),
(4370, 854, 'Çatalçam', 0),
(4371, 854, 'Gazi', 0),
(4372, 854, 'İlkadım', 0),
(4373, 854, 'Kurupelit', 0),
(4374, 854, 'Merkez', 1),
(4375, 854, 'Taflan', 0),
(4376, 854, 'Yeşilkent', 0),
(4377, 855, 'Dereköy', 0),
(4378, 855, 'Merkez', 1),
(4379, 855, 'Yörükler', 0),
(4380, 856, 'Merkez', 1),
(4381, 857, 'Aşağıçinik', 0),
(4382, 857, 'Büyüklü', 0),
(4383, 857, 'Kutlukent', 0),
(4384, 857, 'Merkez', 1),
(4385, 858, 'Ambartepe', 0),
(4386, 858, 'Bazlamaç', 0),
(4387, 858, 'Evci', 0),
(4388, 858, 'Gölyazı', 0),
(4389, 858, 'Hüseyinmescit', 0),
(4390, 858, 'Kocaman', 0),
(4391, 858, 'Kozluk', 0),
(4392, 858, 'Merkez', 1),
(4393, 858, 'Sakarlı', 0),
(4394, 858, 'Söğütlü', 0),
(4395, 859, 'Göl', 0),
(4396, 859, 'Merkez', 1),
(4397, 859, 'Narlısaray', 0),
(4398, 860, 'Merkez', 1),
(4399, 861, 'Merkez', 1),
(4400, 862, 'Atabağı', 0),
(4401, 862, 'Merkez', 1),
(4402, 862, 'Ziyaret', 0),
(4403, 863, 'Merkez', 1),
(4404, 864, 'Gözpınar', 0),
(4405, 864, 'Kayabağlar', 0),
(4406, 864, 'Merkez', 1),
(4407, 865, 'Gökçebağ', 0),
(4408, 865, 'Merkez', 1),
(4409, 866, 'Beğendik', 0),
(4410, 866, 'Merkez', 1),
(4411, 867, 'Merkez', 1),
(4412, 868, 'Merkez', 1),
(4413, 869, 'Merkez', 1),
(4414, 870, 'Merkez', 1),
(4415, 871, 'Merkez', 1),
(4416, 872, 'Merkez', 1),
(4417, 873, 'Merkez', 1),
(4418, 873, 'Yenikent', 0),
(4419, 874, 'Korucuk köyü', 0),
(4420, 875, 'Merkez', 1),
(4421, 876, 'Merkez', 1),
(4422, 877, 'Güzelkent', 0),
(4423, 877, 'Merkez', 1),
(4424, 878, 'Merkez', 1),
(4425, 879, 'Deliilyas', 0),
(4426, 879, 'Kale', 0),
(4427, 879, 'Merkez', 1),
(4428, 880, 'Merkez', 1),
(4429, 881, 'Merkez', 1),
(4430, 882, 'Çepni', 0),
(4431, 882, 'Eğerci', 0),
(4432, 882, 'İnkışla', 0),
(4433, 882, 'Merkez', 1),
(4434, 882, 'Sızla', 0),
(4435, 882, 'Yeniçubuk', 0),
(4436, 883, 'Merkez', 1),
(4437, 884, 'Merkez', 1),
(4438, 884, 'Suçatı', 0),
(4439, 885, 'Merkez', 1),
(4440, 886, 'Merkez', 1),
(4441, 887, 'Alacahan', 0),
(4442, 887, 'Çetinkaya', 0),
(4443, 887, 'Havuz', 0),
(4444, 887, 'Merkez', 1),
(4445, 888, 'Merkez', 1),
(4446, 889, 'Gümüşdere', 0),
(4447, 889, 'Kurtlapa', 0),
(4448, 889, 'Sivas', 0),
(4449, 889, 'Yakupoğlan', 0),
(4450, 889, 'Yıldız', 0),
(4451, 890, 'Çataloluk', 0),
(4452, 890, 'Merkez', 1),
(4453, 891, 'Akçakışla', 0),
(4454, 891, 'Cemel', 0),
(4455, 891, 'Gürçayır', 0),
(4456, 891, 'Kızılcakışla', 0),
(4457, 891, 'Merkez', 1),
(4458, 892, 'Baharözü', 0),
(4459, 892, 'Merkez', 1),
(4460, 892, 'Yenikarahisar', 0),
(4461, 893, 'Güneykaya', 0),
(4462, 893, 'Kalın', 0),
(4463, 893, 'Kavak', 0),
(4464, 893, 'Kümbet', 0),
(4465, 893, 'Merkez', 1),
(4466, 893, 'Şeyhhalil', 0),
(4467, 893, 'Yavu', 0),
(4468, 894, 'Merkez', 1),
(4469, 894, 'Şerefiye', 0),
(4470, 895, 'Merkez', 1),
(4471, 895, 'Pekmezli', 0),
(4472, 896, 'Ayran', 0),
(4473, 896, 'Merkez', 1),
(4474, 896, 'Mezra', 0),
(4475, 897, 'Merkez', 1),
(4476, 897, 'Yaslıca', 0),
(4477, 897, 'Yaylak', 0),
(4478, 898, 'Merkez', 1),
(4479, 899, 'Argıl', 0),
(4480, 899, 'Merkez', 1),
(4481, 899, 'Yukarıgöklü', 0),
(4482, 900, 'Merkez', 1),
(4483, 901, 'Merkez', 1),
(4484, 902, 'Karaköprü', 0),
(4485, 902, 'Kısas', 0),
(4486, 902, 'Konuklu', 0),
(4487, 902, 'Merkez', 1),
(4488, 902, 'Uğurlu', 0),
(4489, 903, 'Gürakar', 0),
(4490, 903, 'Kapıkaya', 0),
(4491, 903, 'Merkez', 1),
(4492, 904, 'Merkez', 1),
(4493, 904, 'Onbirnisan', 0),
(4494, 905, 'Eyyüpnebi', 0),
(4495, 905, 'Merkez', 1),
(4496, 906, 'Beytüşşebap', 0),
(4497, 906, 'Mezraa', 0),
(4498, 907, 'Merkez', 1),
(4499, 908, 'Fındık', 0),
(4500, 908, 'Merkez', 1),
(4501, 909, 'Merkez', 1),
(4502, 910, 'Karalar', 0),
(4503, 910, 'Merkez', 1),
(4504, 910, 'Sırtköy', 0),
(4505, 911, 'Balseven', 0),
(4506, 911, 'Kasrik', 0),
(4507, 911, 'Kumçatı', 0),
(4508, 911, 'Şırnak', 0),
(4509, 912, 'Başverimli', 0),
(4510, 912, 'Çalışkan', 0),
(4511, 912, 'Görümlü', 0),
(4512, 912, 'Merkez', 1),
(4513, 913, 'Hilal', 0),
(4514, 913, 'Merkez', 1),
(4515, 913, 'Şenoba', 0),
(4516, 913, 'Uzungeçit', 0),
(4517, 914, 'Kapaklı', 0),
(4518, 914, 'Karaağaç', 0),
(4519, 914, 'Kızılpınar', 0),
(4520, 914, 'Merkez', 1),
(4521, 914, 'Veliköy', 0),
(4522, 915, 'Marmaracık', 0),
(4523, 915, 'Merkez', 1),
(4524, 915, 'Misinli', 0),
(4525, 915, 'Ulaş', 0),
(4526, 915, 'Velimeşe', 0),
(4527, 915, 'Yenice', 0),
(4528, 916, 'Çerkezmüsellim', 0),
(4529, 916, 'Merkez', 1),
(4530, 916, 'Şalgamlı', 0),
(4531, 917, 'Balabancık', 0),
(4532, 917, 'Kozyörük', 0),
(4533, 917, 'Merkez', 1),
(4534, 917, 'Sağlamtaş', 0),
(4535, 918, 'Merkez', 1),
(4536, 918, 'Sultanköy', 0),
(4537, 918, 'Yeniçiftlik', 0),
(4538, 919, 'Banarlı', 0),
(4539, 919, 'Barbaros', 0),
(4540, 919, 'Karacakılavuz', 0),
(4541, 919, 'Kumbağ', 0),
(4542, 919, 'Merkez', 1),
(4543, 920, 'Merkez', 1),
(4544, 920, 'Muradiye', 0),
(4545, 921, 'Beyazköy', 0),
(4546, 921, 'Büyükyoncalı', 0),
(4547, 921, 'Merkez', 1),
(4548, 922, 'Hoşköy', 0),
(4549, 922, 'Merkez', 1),
(4550, 922, 'Mürefte', 0),
(4551, 923, 'Akarçay', 0),
(4552, 923, 'Ataköy', 0),
(4553, 923, 'Bağtaşı', 0),
(4554, 923, 'Cihet', 0),
(4555, 923, 'Çevreli', 0),
(4556, 923, 'Dikili', 0),
(4557, 923, 'Gölgeli', 0),
(4558, 923, 'Görümlü', 0),
(4559, 923, 'Kınık', 0),
(4560, 923, 'Merkez', 1),
(4561, 923, 'Ormandibi', 0),
(4562, 924, 'Çelikli', 0),
(4563, 924, 'Merkez', 1),
(4564, 925, 'Hatipli', 0),
(4565, 925, 'Karacaören', 0),
(4566, 925, 'Merkez', 1),
(4567, 926, 'Demirköprü', 0),
(4568, 927, 'Akça', 0),
(4569, 927, 'Değirmenli', 0),
(4570, 927, 'Gökal', 0),
(4571, 927, 'Karayaka', 0),
(4572, 927, 'Koçak', 0),
(4573, 927, 'Merkez', 1),
(4574, 927, 'Tanoba', 0),
(4575, 927, 'Üzümlü', 0),
(4576, 928, 'Akbelen', 0),
(4577, 928, 'Avlunlar', 0),
(4578, 928, 'Büyükyıldız', 0),
(4579, 928, 'Çamlıbel', 0),
(4580, 928, 'Çat', 0),
(4581, 928, 'Emirseyit', 0),
(4582, 928, 'Güryıldız', 0),
(4583, 928, 'Kemalpaşa', 0),
(4584, 928, 'Merkez', 1),
(4585, 928, 'Yağmurlu', 0),
(4586, 929, 'Gökçeli', 0),
(4587, 929, 'Günebakan', 0),
(4588, 929, 'Gürçeşme', 0),
(4589, 929, 'Kuyucak', 0),
(4590, 929, 'Merkez', 1),
(4591, 929, 'Özalan', 0),
(4592, 929, 'Serenli', 0),
(4593, 929, 'Yazıcık', 0),
(4594, 929, 'Yolkonak', 0),
(4595, 930, 'Dereköy', 0),
(4596, 930, 'Merkez', 1),
(4597, 930, 'Üzümören', 0),
(4598, 931, 'Baydarlı', 0),
(4599, 931, 'Bereketli', 0),
(4600, 931, 'Bozçalı', 0),
(4601, 931, 'Büşürüm', 0),
(4602, 931, 'Cimitekke', 0),
(4603, 931, 'Çevrecik', 0),
(4604, 931, 'Demircili', 0),
(4605, 931, 'Hasanşeyh', 0),
(4606, 931, 'Kızılcaören', 0),
(4607, 931, 'Kuzbağı', 0),
(4608, 931, 'Merkez', 1),
(4609, 931, 'Nebişeyh', 0),
(4610, 931, 'Soğukpınar', 0),
(4611, 931, 'Yolüstü', 0),
(4612, 932, 'Dutluca', 0),
(4613, 932, 'Merkez', 1),
(4614, 933, 'Çaylı', 0),
(4615, 933, 'Kat', 0),
(4616, 933, 'Merkez', 1),
(4617, 933, 'Şenyurt', 0),
(4618, 933, 'Ulutepe', 0),
(4619, 933, 'Yazıtepe', 0),
(4620, 933, 'Yenisu', 0),
(4621, 934, 'Çıkrık', 0),
(4622, 934, 'Kuşçu', 0),
(4623, 934, 'Merkez', 1),
(4624, 935, 'Evrenköy', 0),
(4625, 935, 'Güzelbeyli', 0),
(4626, 935, 'Merkez', 1),
(4627, 935, 'Yalınyazı', 0),
(4628, 935, 'Yıldıztepe', 0),
(4629, 936, 'Adacık', 0),
(4630, 936, 'Akçaabat', 0),
(4631, 936, 'Akçakale', 0),
(4632, 936, 'Akçaköy', 0),
(4633, 936, 'Akpınar', 0),
(4634, 936, 'Darıca', 0),
(4635, 936, 'Derecik', 0),
(4636, 936, 'Doğanköy', 0),
(4637, 936, 'Dörtyol', 0),
(4638, 936, 'Işıklar', 0),
(4639, 936, 'Kavaklı', 0),
(4640, 936, 'Mersin', 0),
(4641, 936, 'Söğütlü', 0),
(4642, 936, 'Şinik', 0),
(4643, 936, 'Yıldızlı', 0),
(4644, 937, 'Çankaya', 0),
(4645, 937, 'Erenler', 0),
(4646, 937, 'Merkez', 1),
(4647, 937, 'Yeşilyurt', 0),
(4648, 938, 'Atayurt', 0),
(4649, 938, 'Fındıklı', 0),
(4650, 938, 'Merkez', 1),
(4651, 938, 'Yeşilyalı', 0),
(4652, 939, 'Merkez', 1),
(4653, 939, 'Türkelli', 0),
(4654, 939, 'Yeşilköy', 0),
(4655, 940, 'Merkez', 1),
(4656, 941, 'Ataköy', 0),
(4657, 941, 'Karaçam', 0),
(4658, 941, 'Merkez', 1),
(4659, 941, 'Taşkıran', 0),
(4660, 941, 'Uzungöl', 0),
(4661, 942, 'Merkez', 1),
(4662, 943, 'Aykut', 0),
(4663, 943, 'Çalköy', 0),
(4664, 943, 'Çayırbağı', 0),
(4665, 943, 'Merkez', 1),
(4666, 944, 'Balaban', 0),
(4667, 944, 'Gülderen', 0),
(4668, 944, 'Merkez', 1),
(4669, 945, 'Beşköy', 0),
(4670, 945, 'Merkez', 1),
(4671, 946, 'Esiroğlu', 0),
(4672, 946, 'Merkez', 1),
(4673, 946, 'Şahinkaya', 0),
(4674, 947, 'Akoluk', 0),
(4675, 947, 'Akyazı', 0),
(4676, 947, 'Çağlayan', 0),
(4677, 947, 'Çukurçayır', 0),
(4678, 947, 'Gürbulak', 0),
(4679, 947, 'Merkez', 1),
(4680, 947, 'Pelitli', 0),
(4681, 947, 'Yalıncak', 0),
(4682, 947, 'Yeşilova', 0),
(4683, 948, 'Ballıca', 0),
(4684, 948, 'Bölümlü', 0),
(4685, 948, 'Cumapazarı', 0),
(4686, 948, 'Eskipazar', 0),
(4687, 948, 'Gürpınar', 0),
(4688, 948, 'Kıyıcık', 0),
(4689, 948, 'Of', 0),
(4690, 948, 'Uğurlu', 0),
(4691, 949, 'Çamburnu', 0),
(4692, 949, 'Merkez', 1),
(4693, 949, 'Ormanseven', 0),
(4694, 949, 'Oylum', 0),
(4695, 949, 'Yeniay', 0),
(4696, 950, 'Geyikli', 0),
(4697, 950, 'Merkez', 1),
(4698, 951, 'İskenderli', 0),
(4699, 951, 'Merkez', 1),
(4700, 952, 'Merkez', 1),
(4701, 952, 'Yalıköy', 0),
(4702, 953, 'Kaşüstü', 0),
(4703, 953, 'Merkez', 1),
(4704, 953, 'Oymalıtepe', 0),
(4705, 953, 'Özdil', 0),
(4706, 954, 'Merkez', 1),
(4707, 955, 'Merkez', 1),
(4708, 956, 'Akpazar', 0),
(4709, 956, 'Darıkent', 0),
(4710, 956, 'Merkez', 1),
(4711, 957, 'Tunceli', 0),
(4712, 958, 'Merkez', 1),
(4713, 959, 'Merkez', 1),
(4714, 960, 'Merkez', 1),
(4715, 961, 'Merkez', 1),
(4716, 962, 'Büyükoturak', 0),
(4717, 962, 'Kızılcasöğüt', 0),
(4718, 962, 'Merkez', 1),
(4719, 963, 'Ahmetler', 0),
(4720, 963, 'Güllü', 0),
(4721, 963, 'Merkez', 1),
(4722, 963, 'Yeleğen', 0),
(4723, 964, 'Karbasan', 0),
(4724, 964, 'Merkez', 1),
(4725, 965, 'Uşak', 0),
(4726, 966, 'Ağaçbeyli', 0),
(4727, 966, 'Pınarbaşı', 0),
(4728, 966, 'Selçikler', 0),
(4729, 966, 'Sivaslı', 0),
(4730, 966, 'Tatar', 0),
(4731, 966, 'Yayalar', 0),
(4732, 967, 'Avgan', 0),
(4733, 967, 'Hasköy', 0),
(4734, 967, 'Kışla', 0),
(4735, 967, 'Merkez', 1),
(4736, 967, 'Omurca', 0),
(4737, 968, 'Merkez', 1),
(4738, 969, 'Merkez', 1),
(4739, 970, 'Merkez', 1),
(4740, 971, 'Merkez', 1),
(4741, 972, 'Çiçekli', 0),
(4742, 972, 'Merkez', 1),
(4743, 973, 'Çelebibağı', 0),
(4744, 973, 'Kocapınar', 0),
(4745, 973, 'Merkez', 1),
(4746, 974, 'Merkez', 1),
(4747, 974, 'Uysal', 0),
(4748, 975, 'Merkez', 1),
(4749, 976, 'Bostaniçi', 0),
(4750, 976, 'Erçek', 0),
(4751, 976, 'Van', 0),
(4752, 977, 'Merkez', 1),
(4753, 977, 'Ünseli', 0),
(4754, 978, 'Merkez', 1),
(4755, 978, 'Sağmalı', 0),
(4756, 979, 'Merkez', 1),
(4757, 980, 'Kaytazdere', 0),
(4758, 980, 'Merkez', 1),
(4759, 980, 'Subaşı', 0),
(4760, 980, 'Tavşanlı', 0),
(4761, 981, 'Merkez', 1),
(4762, 982, 'Esenköy', 0),
(4763, 982, 'Kocadere', 0),
(4764, 982, 'Koru', 0),
(4765, 982, 'Merkez', 1),
(4766, 982, 'Teşvikiye', 0),
(4767, 983, 'Merkez', 1),
(4768, 983, 'Taşköprü', 0),
(4769, 984, 'Kadıköy', 0),
(4770, 984, 'Merkez', 1),
(4771, 985, 'Merkez', 1),
(4772, 986, 'Belekçehan', 0),
(4773, 986, 'Merkez', 1),
(4774, 986, 'Oluközü', 0),
(4775, 986, 'Umutlu', 0),
(4776, 987, 'Baştürk', 0),
(4777, 987, 'Baydiğin', 0),
(4778, 987, 'Kazankaya', 0),
(4779, 987, 'Kösrelik', 0),
(4780, 987, 'Merkez', 1),
(4781, 988, 'Çakmak', 0),
(4782, 988, 'Çalapverdi', 0),
(4783, 988, 'Devecipınar', 0),
(4784, 988, 'Merkez', 1),
(4785, 988, 'Ovakent', 0),
(4786, 988, 'Özler', 0),
(4787, 988, 'Sırçalı', 0),
(4788, 988, 'Uzunlu', 0),
(4789, 988, 'Yamaçlı', 0),
(4790, 988, 'Yenipazar', 0),
(4791, 989, 'Çamlık Milli Parkı', 0),
(4792, 990, 'Büyükkışla', 0),
(4793, 990, 'Merkez', 1),
(4794, 991, 'Curali', 0),
(4795, 991, 'Çokradan', 0),
(4796, 991, 'Evciler', 0),
(4797, 991, 'Konuklar', 0),
(4798, 991, 'Merkez', 1),
(4799, 992, 'Bayındırhüyük', 0),
(4800, 992, 'Bazlambaç', 0),
(4801, 992, 'Beyyurdu', 0),
(4802, 992, 'Merkez', 1),
(4803, 992, 'Özükavak', 0),
(4804, 993, 'Halıköy', 0),
(4805, 993, 'Merkez', 1),
(4806, 994, 'Çadırardıç', 0),
(4807, 994, 'Esenli', 0),
(4808, 994, 'Osmanpaşa', 0),
(4809, 994, 'Yozgat', 0),
(4810, 995, 'Çiçekli', 0),
(4811, 995, 'Dedefakılı', 0),
(4812, 995, 'Merkez', 1),
(4813, 995, 'Ozan', 0),
(4814, 996, 'Babayağmur', 0),
(4815, 996, 'Karayakup', 0),
(4816, 996, 'Merkez', 1),
(4817, 996, 'Yukarısarıkaya', 0),
(4818, 997, 'Ahmetfakılı', 0),
(4819, 997, 'Araplı', 0),
(4820, 997, 'Bahadın', 0),
(4821, 997, 'Belencumafakılı', 0),
(4822, 997, 'Çiğdemli', 0),
(4823, 997, 'Doğankent', 0),
(4824, 997, 'Eymir', 0),
(4825, 997, 'Gedikhasanlı', 0),
(4826, 997, 'Gülşehri', 0),
(4827, 997, 'Karakız', 0),
(4828, 997, 'Merkez', 1),
(4829, 998, 'Kuzayca', 0),
(4830, 998, 'Merkez', 1),
(4831, 998, 'Paşaköy', 0),
(4832, 998, 'Sarıkent', 0),
(4833, 999, 'Bektaşlı', 0),
(4834, 999, 'Merkez', 1),
(4835, 1000, 'Merkez', 1),
(4836, 1000, 'Saray', 0),
(4837, 1000, 'Sekili', 0),
(4838, 1001, 'Merkez', 1),
(4839, 1002, 'Hisarönü', 0),
(4840, 1002, 'Karapınar', 0),
(4841, 1002, 'Merkez', 1),
(4842, 1002, 'Nebioğlu', 0),
(4843, 1002, 'Perşembe', 0),
(4844, 1002, 'Saltukova', 0),
(4845, 1003, 'Çaydeğirmeni', 0),
(4846, 1003, 'Eğerci', 0),
(4847, 1003, 'Merkez', 1),
(4848, 1003, 'Özbağı', 0),
(4849, 1004, 'Gökçeler', 0),
(4850, 1004, 'Gülüç', 0),
(4851, 1004, 'Güneşli', 0),
(4852, 1004, 'Kandilli', 0),
(4853, 1004, 'Merkez', 1),
(4854, 1004, 'Ormanlı', 0),
(4855, 1004, 'Öğberler', 0),
(4856, 1005, 'Bakacakkadı', 0),
(4857, 1005, 'Hacımusa', 0),
(4858, 1005, 'Merkez', 1),
(4859, 1006, 'Merkez', 1),
(4860, 1007, 'Beycuma', 0),
(4861, 1007, 'Çatalağzı', 0),
(4862, 1007, 'Elvanpazarcık', 0),
(4863, 1007, 'Gelik', 0),
(4864, 1007, 'Karaman', 0),
(4865, 1007, 'Kilimli', 0),
(4866, 1007, 'Kozlu', 0),
(4867, 1007, 'Muslu', 0),
(4868, 1007, 'Sivriler', 0),
(4869, 1007, 'Zonguldak', 0),
(4870, 1008, 'Yedigöller', 0);

-- --------------------------------------------------------

--
-- Table structure for table `adres_ulke`
--

CREATE TABLE IF NOT EXISTS `adres_ulke` (
  `no` int(4) unsigned NOT NULL auto_increment,
  `ulke` varchar(32) collate utf8_turkish_ci NOT NULL default '',
  `sira` int(4) unsigned NOT NULL default '0',
  PRIMARY KEY  (`no`)
) ENGINE=InnoDB  DEFAULT CHARSET=utf8 COLLATE=utf8_turkish_ci AUTO_INCREMENT=232 ;

--
-- Dumping data for table `adres_ulke`
--

INSERT INTO `adres_ulke` (`no`, `ulke`, `sira`) VALUES
(1, 'ABD', 0),
(2, 'Afganistan', 0),
(3, 'Almanya', 0),
(4, 'Amerikan Samoa', 0),
(5, 'Andorra', 0),
(6, 'Angola', 0),
(7, 'Anguilla', 0),
(8, 'Antigua', 0),
(9, 'Arjantin', 0),
(10, 'Arnavutluk', 0),
(11, 'Aruba', 0),
(12, 'Asension', 0),
(13, 'Avustralya', 0),
(14, 'Avusturya', 0),
(15, 'Azerbaycan', 0),
(16, 'Azor-Mader Adaları', 0),
(17, 'BAE (Birleşik Arap Emirlikleri)', 0),
(18, 'Bahama', 0),
(19, 'Bahreyn', 0),
(20, 'Bangladeş', 0),
(21, 'Barbados', 0),
(22, 'Batı Samoa', 0),
(23, 'Belçika', 0),
(24, 'Belize', 0),
(25, 'Benin', 0),
(26, 'Bermuda', 0),
(27, 'Beyaz Rusya', 0),
(28, 'Bolivya', 0),
(29, 'Bosna Hersek', 0),
(30, 'Botsvana', 0),
(31, 'Brezilya', 0),
(32, 'British Virgin Adl.', 0),
(33, 'Bruney', 0),
(34, 'Bulgaristan', 0),
(35, 'Burkina Faso', 0),
(36, 'Burma', 0),
(37, 'Burundi', 0),
(38, 'Butan', 0),
(39, 'Cad', 0),
(40, 'Cebelitarık', 0),
(41, 'Çek Cumhuriyeti', 0),
(42, 'Cezayir', 0),
(43, 'Cibuti', 0),
(44, 'Çin', 0),
(45, 'Cook Adası', 0),
(46, 'Danimarka', 0),
(47, 'Diego Garsia', 0),
(48, 'Dominik', 0),
(49, 'Dominik Cum.', 0),
(50, 'Ekvator', 0),
(51, 'Ekvator Gine', 0),
(52, 'El Salvador', 0),
(53, 'Endonezya', 0),
(54, 'Eritre', 0),
(55, 'Ermenistan', 0),
(56, 'Estonya', 0),
(57, 'Etiyopya', 0),
(58, 'Falkland Adl.', 0),
(59, 'Faroe Adaları', 0),
(60, 'Fas', 0),
(61, 'Fiji', 0),
(62, 'Fildişi Sahili', 0),
(63, 'Filipinler', 0),
(64, 'Finlandiya', 0),
(65, 'Fransa', 0),
(66, 'Fransız Guyanası', 0),
(67, 'Fransız Polenazyası', 0),
(68, 'Gabon', 0),
(69, 'Gambia', 0),
(70, 'Gana', 0),
(71, 'Gine', 0),
(72, 'Gine Bissau', 0),
(73, 'Grenada', 0),
(74, 'Grönland', 0),
(75, 'Guadalup', 0),
(76, 'Guam', 0),
(77, 'Guatemala', 0),
(78, 'Güney Afrika Cum.', 0),
(79, 'Güney Kore', 0),
(80, 'Gürcistan', 0),
(81, 'Güyana', 0),
(82, 'Haiti', 0),
(83, 'Hindistan', 0),
(84, 'Hırvatistan', 0),
(85, 'Hollanda', 0),
(86, 'Hollanda Antilleri', 0),
(87, 'Honduras', 0),
(88, 'Hongkong', 0),
(89, 'Irak', 0),
(90, 'İngiltere', 0),
(91, 'İran', 0),
(92, 'İrlanda', 0),
(93, 'İspanya', 0),
(94, 'İsrail', 0),
(95, 'İsveç', 0),
(96, 'İsviçre', 0),
(97, 'İtalya', 0),
(98, 'İzlanda', 0),
(99, 'Jamaika', 0),
(100, 'Japonya', 0),
(101, 'Kamboçya', 0),
(102, 'Kamerun', 0),
(103, 'Kanada', 0),
(104, 'Kap Verd', 0),
(105, 'Katar', 0),
(106, 'Kayman Adaları', 0),
(107, 'Kazakistan', 0),
(108, 'Kenya', 0),
(109, 'Kırgızistan', 0),
(110, 'Kiribati', 0),
(111, 'Kolombiya', 0),
(112, 'Komor Adaları', 0),
(113, 'Kongo', 0),
(114, 'Kosta Rika', 0),
(115, 'Küba', 0),
(116, 'Kuveyt', 0),
(117, 'Kuzey Kore', 0),
(118, 'Lao Dem. Halk Cum.', 0),
(119, 'Lesotho', 0),
(120, 'Letonya', 0),
(121, 'Liberya', 0),
(122, 'Libya', 0),
(123, 'Lihtenstayn', 0),
(124, 'Litvanya', 0),
(125, 'Lübnan', 0),
(126, 'Lüksemburg', 0),
(127, 'Macaristan', 0),
(128, 'Madagaskar', 0),
(129, 'Makao', 0),
(130, 'Makedonya', 0),
(131, 'Malavi', 0),
(132, 'Maldiv Adaları', 0),
(133, 'Malezya', 0),
(134, 'Mali', 0),
(135, 'Malta', 0),
(136, 'Mariyan Adaları', 0),
(137, 'Malsar Adaları', 0),
(138, 'Martinik', 0),
(139, 'Meksika', 0),
(140, 'Merkezi Afrika Cum.', 0),
(141, 'Mikronezya', 0),
(142, 'Mısır', 0),
(143, 'Moğolistan', 0),
(144, 'Moldovya', 0),
(145, 'Monaco', 0),
(146, 'Montserrat', 0),
(147, 'Moris Adaları', 0),
(148, 'Moritanya', 0),
(149, 'Mozambik', 0),
(150, 'Namibya', 0),
(151, 'Nauru Adası', 0),
(152, 'Nepal', 0),
(153, 'Nijer', 0),
(154, 'Nijerya', 0),
(155, 'Nikaragua', 0),
(156, 'Niue Adaları', 0),
(157, 'Norfolk Adaları', 0),
(158, 'Norveç', 0),
(159, 'Özbekistan', 0),
(160, 'Pakistan', 0),
(161, 'Palau', 0),
(162, 'Panama', 0),
(163, 'Papua Yeni Gine', 0),
(164, 'Paraguay', 0),
(165, 'Peru', 0),
(166, 'Polonya', 0),
(167, 'Portekiz', 0),
(168, 'Porto Riko', 0),
(169, 'Radius', 0),
(170, 'Reunyon', 0),
(171, 'Romanya', 0),
(172, 'Ruanda', 0),
(173, 'Rusya Federasyonu', 0),
(174, 'San Marino', 0),
(175, 'Sao Tome Principe', 0),
(176, 'Senegal', 0),
(177, 'Seysel', 0),
(178, 'Sierra Leone', 0),
(179, 'Singapur', 0),
(180, 'Slovak Cum.', 0),
(181, 'Slovenya', 0),
(182, 'Solomon Adaları', 0),
(183, 'Somali', 0),
(184, 'Sri Lanka', 0),
(185, 'St.Helena', 0),
(186, 'St.Kittis Nevis', 0),
(187, 'St. Lucia', 0),
(188, 'St. Marten', 0),
(189, 'St.Piyer Mikelon', 0),
(190, 'St.Vincent Grenada', 0),
(191, 'Sudan', 0),
(192, 'Surinam', 0),
(193, 'Suriye', 0),
(194, 'Suudi Arabistan', 0),
(195, 'Svaziland', 0),
(196, 'Şili', 0),
(197, 'Tacikistan', 0),
(198, 'Tanzanya', 0),
(199, 'Tataristan', 0),
(200, 'Tatıncom', 0),
(201, 'Tayland', 0),
(202, 'Tayvan', 0),
(203, 'Togo', 0),
(204, 'Tokelan', 0),
(205, 'Tonga', 0),
(206, 'Trinidad Tobago', 0),
(207, 'Tunus', 0),
(208, 'Türkiye', 1),
(209, 'Türkmenistan', 0),
(210, 'Turks Caicos Adl.', 0),
(211, 'Tuvalu', 0),
(212, 'U.S.Virgin Adası', 0),
(213, 'Uganda', 0),
(214, 'Ukrayna', 0),
(215, 'Umman', 0),
(216, 'Uraguay', 0),
(217, 'Ürdün', 0),
(218, 'Vallis Fununa Adl.', 0),
(219, 'Venezuela', 0),
(220, 'Vietnam', 0),
(221, 'Yemen Arap Cum.', 0),
(222, 'Yemen Halk Cum.', 0),
(223, 'Yeni Hebritler', 0),
(224, 'Yeni Kaledonya', 0),
(225, 'Yeni Zelenda', 0),
(226, 'Yugoslavya', 0),
(227, 'Yunanistan', 0),
(228, 'Zaire', 0),
(229, 'Zambiya', 0),
(230, 'Zanzibar', 0),
(231, 'Zimbabve', 0);

-- --------------------------------------------------------

--
-- Table structure for table `konut`
--

CREATE TABLE IF NOT EXISTS `konut` (
  `kimlik` bigint(20) NOT NULL auto_increment,
  `tipi` varchar(150) NOT NULL,
  `durumu` varchar(200) NOT NULL,
  `sehir` varchar(100) NOT NULL,
  `ilce` varchar(100) NOT NULL,
  `isitma_sistemi` varchar(200) NOT NULL,
  `zemin` varchar(200) NOT NULL,
  `odasayisi` varchar(50) NOT NULL,
  `metrekare` varchar(100) NOT NULL,
  `kat` varchar(100) NOT NULL,
  `toplam_kat` varchar(15) NOT NULL,
  `fiyat` bigint(20) NOT NULL,
  `ozellikler` varchar(200) NOT NULL,
  `kategori` varchar(200) NOT NULL,
  PRIMARY KEY  (`kimlik`)
) ENGINE=MyISAM DEFAULT CHARSET=latin5 AUTO_INCREMENT=1 ;

--
-- Dumping data for table `konut`
--


-- --------------------------------------------------------

--
-- Table structure for table `ozellikler`
--

CREATE TABLE IF NOT EXISTS `ozellikler` (
  `konut_tipleri` enum('Daire','Müstakil Ev') NOT NULL,
  `durumlar` enum('Satılık','Kiralık','Takas','Devremülk') NOT NULL
) ENGINE=MyISAM DEFAULT CHARSET=latin5;

--
-- Dumping data for table `ozellikler`
--


